,Year,Home Team Name,Home Team Goals,Away Team Goals,Away Team Name,Home team points,Away team points
0,1930,France,4,1,Mexico,3,0
1,1930,USA,3,0,Belgium,3,0
2,1930,Yugoslavia,2,1,Brazil,3,0
3,1930,Romania,3,1,Peru,3,0
4,1930,Argentina,1,0,France,3,0
5,1930,Chile,3,0,Mexico,3,0
6,1930,Yugoslavia,4,0,Bolivia,3,0
7,1930,USA,3,0,Paraguay,3,0
8,1930,Uruguay,1,0,Peru,3,0
9,1930,Chile,1,0,France,3,0
10,1930,Argentina,6,3,Mexico,3,0
11,1930,Brazil,4,0,Bolivia,3,0
12,1930,Paraguay,1,0,Belgium,3,0
13,1930,Uruguay,4,0,Romania,3,0
14,1930,Argentina,3,1,Chile,3,0
15,1930,Argentina,6,1,USA,3,0
16,1930,Uruguay,6,1,Yugoslavia,3,0
17,1930,Uruguay,4,2,Argentina,3,0
18,1934,Austria,3,2,France,3,0
19,1934,Hungary,4,2,Egypt,3,0
20,1934,Switzerland,3,2,Netherlands,3,0
21,1934,Sweden,3,2,Argentina,3,0
22,1934,Germany,5,2,Belgium,3,0
23,1934,Spain,3,1,Brazil,3,0
24,1934,Italy,7,1,USA,3,0
25,1934,Czechoslovakia,2,1,Romania,3,0
26,1934,Czechoslovakia,3,2,Switzerland,3,0
27,1934,Germany,2,1,Sweden,3,0
28,1934,Italy,1,1,Spain,1,1
29,1934,Austria,2,1,Hungary,3,0
30,1934,Italy,1,0,Spain,3,0
31,1934,Italy,1,0,Austria,3,0
32,1934,Czechoslovakia,3,1,Germany,3,0
33,1934,Germany,3,2,Austria,3,0
34,1934,Italy,2,1,Czechoslovakia,3,0
35,1938,Switzerland,1,1,Germany,1,1
36,1938,Hungary,6,0,Dutch East Indies,3,0
37,1938,France,3,1,Belgium,3,0
38,1938,Cuba,3,3,Romania,1,1
39,1938,Italy,2,1,Norway,3,0
40,1938,Brazil,6,5,Poland,3,0
41,1938,Czechoslovakia,3,0,Netherlands,3,0
42,1938,Cuba,2,1,Romania,3,0
43,1938,Switzerland,4,2,Germany,3,0
44,1938,Brazil,1,1,Czechoslovakia,1,1
45,1938,Hungary,2,0,Switzerland,3,0
46,1938,Sweden,8,0,Cuba,3,0
47,1938,Italy,3,1,France,3,0
48,1938,Brazil,2,1,Czechoslovakia,3,0
49,1938,Hungary,5,1,Sweden,3,0
50,1938,Italy,2,1,Brazil,3,0
51,1938,Brazil,4,2,Sweden,3,0
52,1938,Italy,4,2,Hungary,3,0
53,1950,Brazil,4,0,Mexico,3,0
54,1950,England,2,0,Chile,3,0
55,1950,Spain,3,1,USA,3,0
56,1950,Sweden,3,2,Italy,3,0
57,1950,Yugoslavia,3,0,Switzerland,3,0
58,1950,Brazil,2,2,Switzerland,1,1
59,1950,Yugoslavia,4,1,Mexico,3,0
60,1950,Spain,2,0,Chile,3,0
61,1950,Sweden,2,2,Paraguay,1,1
62,1950,USA,1,0,England,3,0
63,1950,Brazil,2,0,Yugoslavia,3,0
64,1950,Spain,1,0,England,3,0
65,1950,Italy,2,0,Paraguay,3,0
66,1950,Uruguay,8,0,Bolivia,3,0
67,1950,Switzerland,2,1,Mexico,3,0
68,1950,Chile,5,2,USA,3,0
69,1950,Uruguay,2,2,Spain,1,1
70,1950,Brazil,7,1,Sweden,3,0
71,1950,Brazil,6,1,Spain,3,0
72,1950,Uruguay,3,2,Sweden,3,0
73,1950,Sweden,3,1,Spain,3,0
74,1950,Uruguay,2,1,Brazil,3,0
75,1954,Uruguay,2,0,Czechoslovakia,3,0
76,1954,Austria,1,0,Scotland,3,0
77,1954,Brazil,5,0,Mexico,3,0
78,1954,Yugoslavia,1,0,France,3,0
79,1954,Germany,4,1,Turkey,3,0
80,1954,Hungary,9,0,Korea Republic,3,0
81,1954,England,4,4,Belgium,1,1
82,1954,Switzerland,2,1,Italy,3,0
83,1954,Uruguay,7,0,Scotland,3,0
84,1954,Austria,5,0,Czechoslovakia,3,0
85,1954,France,3,2,Mexico,3,0
86,1954,Brazil,1,1,Yugoslavia,1,1
87,1954,Hungary,8,3,Germany,3,0
88,1954,Turkey,7,0,Korea Republic,3,0
89,1954,England,2,0,Switzerland,3,0
90,1954,Italy,4,1,Belgium,3,0
91,1954,Germany,7,2,Turkey,3,0
92,1954,Switzerland,4,1,Italy,3,0
93,1954,Uruguay,4,2,England,3,0
94,1954,Austria,7,5,Switzerland,3,0
95,1954,Germany,2,0,Yugoslavia,3,0
96,1954,Hungary,4,2,Brazil,3,0
97,1954,Germany,6,1,Austria,3,0
98,1954,Hungary,4,2,Uruguay,3,0
99,1954,Austria,3,1,Uruguay,3,0
100,1954,Germany,3,2,Hungary,3,0
101,1958,Sweden,3,0,Mexico,3,0
102,1958,Soviet Union,2,2,England,1,1
103,1958,Argentina,1,3,Germany,0,3
104,1958,Hungary,1,1,Wales,1,1
105,1958,France,7,3,Paraguay,3,0
106,1958,Yugoslavia,1,1,Scotland,1,1
107,1958,Brazil,3,0,Austria,3,0
108,1958,Northern Ireland,1,0,Czechoslovakia,3,0
109,1958,Brazil,0,0,England,1,1
110,1958,Mexico,1,1,Wales,1,1
111,1958,Paraguay,3,2,Scotland,3,0
112,1958,Yugoslavia,3,2,France,3,0
113,1958,Soviet Union,2,0,Austria,3,0
114,1958,Germany,2,2,Czechoslovakia,1,1
115,1958,Argentina,3,1,Northern Ireland,3,0
116,1958,Sweden,2,1,Hungary,3,0
117,1958,Sweden,0,0,Wales,1,1
118,1958,Brazil,2,0,Soviet Union,3,0
119,1958,Germany,2,2,Northern Ireland,1,1
120,1958,Hungary,4,0,Mexico,3,0
121,1958,Paraguay,3,3,Yugoslavia,1,1
122,1958,France,2,1,Scotland,3,0
123,1958,England,2,2,Austria,1,1
124,1958,Czechoslovakia,6,1,Argentina,3,0
125,1958,Soviet Union,1,0,England,3,0
126,1958,Northern Ireland,2,1,Czechoslovakia,3,0
127,1958,Wales,2,1,Hungary,3,0
128,1958,Brazil,1,0,Wales,3,0
129,1958,Germany,1,0,Yugoslavia,3,0
130,1958,Sweden,2,0,Soviet Union,3,0
131,1958,France,4,0,Northern Ireland,3,0
132,1958,Sweden,3,1,Germany,3,0
133,1958,Brazil,5,2,France,3,0
134,1958,France,6,3,Germany,3,0
135,1958,Brazil,5,2,Sweden,3,0
136,1962,Uruguay,2,1,Colombia,3,0
137,1962,Brazil,2,0,Mexico,3,0
138,1962,Argentina,1,0,Bulgaria,3,0
139,1962,Chile,3,1,Switzerland,3,0
140,1962,Soviet Union,2,0,Yugoslavia,3,0
141,1962,Czechoslovakia,1,0,Spain,3,0
142,1962,Hungary,2,1,England,3,0
143,1962,Germany,0,0,Italy,1,1
144,1962,Yugoslavia,3,1,Uruguay,3,0
145,1962,Brazil,0,0,Czechoslovakia,1,1
146,1962,England,3,1,Argentina,3,0
147,1962,Chile,2,0,Italy,3,0
148,1962,Soviet Union,4,4,Colombia,1,1
149,1962,Spain,1,0,Mexico,3,0
150,1962,Hungary,6,1,Bulgaria,3,0
151,1962,Germany,2,1,Switzerland,3,0
152,1962,Soviet Union,2,1,Uruguay,3,0
153,1962,Brazil,2,1,Spain,3,0
154,1962,Hungary,0,0,Argentina,1,1
155,1962,Germany,2,0,Chile,3,0
156,1962,Yugoslavia,5,0,Colombia,3,0
157,1962,Mexico,3,1,Czechoslovakia,3,0
158,1962,England,0,0,Bulgaria,1,1
159,1962,Italy,3,0,Switzerland,3,0
160,1962,Chile,2,1,Soviet Union,3,0
161,1962,Brazil,3,1,England,3,0
162,1962,Czechoslovakia,1,0,Hungary,3,0
163,1962,Yugoslavia,1,0,Germany,3,0
164,1962,Czechoslovakia,3,1,Yugoslavia,3,0
165,1962,Brazil,4,2,Chile,3,0
166,1962,Chile,1,0,Yugoslavia,3,0
167,1962,Brazil,3,1,Czechoslovakia,3,0
168,1966,England,0,0,Uruguay,1,1
169,1966,Germany,5,0,Switzerland,3,0
170,1966,Brazil,2,0,Bulgaria,3,0
171,1966,Soviet Union,3,0,Korea DPR,3,0
172,1966,France,1,1,Mexico,1,1
173,1966,Portugal,3,1,Hungary,3,0
174,1966,Argentina,2,1,Spain,3,0
175,1966,Italy,2,0,Chile,3,0
176,1966,Uruguay,2,1,France,3,0
177,1966,Spain,2,1,Switzerland,3,0
178,1966,Hungary,3,1,Brazil,3,0
179,1966,Korea DPR,1,1,Chile,1,1
180,1966,Portugal,3,0,Bulgaria,3,0
181,1966,Germany,0,0,Argentina,1,1
182,1966,Soviet Union,1,0,Italy,3,0
183,1966,England,2,0,Mexico,3,0
184,1966,Uruguay,0,0,Mexico,1,1
185,1966,Argentina,2,0,Switzerland,3,0
186,1966,Portugal,3,1,Brazil,3,0
187,1966,Korea DPR,1,0,Italy,3,0
188,1966,England,2,0,France,3,0
189,1966,Hungary,3,1,Bulgaria,3,0
190,1966,Germany,2,1,Spain,3,0
191,1966,Soviet Union,2,1,Chile,3,0
192,1966,England,1,0,Argentina,3,0
193,1966,Germany,4,0,Uruguay,3,0
194,1966,Soviet Union,2,1,Hungary,3,0
195,1966,Portugal,5,3,Korea DPR,3,0
196,1966,Germany,2,1,Soviet Union,3,0
197,1966,England,2,1,Portugal,3,0
198,1966,Portugal,2,1,Soviet Union,3,0
199,1966,England,4,2,Germany,3,0
200,1970,Mexico,0,0,Soviet Union,1,1
201,1970,Uruguay,2,0,Israel,3,0
202,1970,Peru,3,2,Bulgaria,3,0
203,1970,England,1,0,Romania,3,0
204,1970,Italy,1,0,Sweden,3,0
205,1970,Germany,2,1,Morocco,3,0
206,1970,Brazil,4,1,Czechoslovakia,3,0
207,1970,Belgium,3,0,El Salvador,3,0
208,1970,Uruguay,0,0,Italy,1,1
209,1970,Peru,3,0,Morocco,3,0
210,1970,Romania,2,1,Czechoslovakia,3,0
211,1970,Soviet Union,4,1,Belgium,3,0
212,1970,Sweden,1,1,Israel,1,1
213,1970,Germany,5,2,Bulgaria,3,0
214,1970,Brazil,1,0,England,3,0
215,1970,Mexico,4,0,El Salvador,3,0
216,1970,Sweden,1,0,Uruguay,3,0
217,1970,Germany,3,1,Peru,3,0
218,1970,Brazil,3,2,Romania,3,0
219,1970,Soviet Union,2,0,El Salvador,3,0
220,1970,Italy,0,0,Israel,1,1
221,1970,Bulgaria,1,1,Morocco,1,1
222,1970,England,1,0,Czechoslovakia,3,0
223,1970,Mexico,1,0,Belgium,3,0
224,1970,Italy,4,1,Mexico,3,0
225,1970,Germany,3,2,England,3,0
226,1970,Brazil,4,2,Peru,3,0
227,1970,Uruguay,1,0,Soviet Union,3,0
228,1970,Brazil,3,1,Uruguay,3,0
229,1970,Italy,4,3,Germany,3,0
230,1970,Germany,1,0,Uruguay,3,0
231,1970,Brazil,4,1,Italy,3,0
232,1974,Brazil,0,0,Yugoslavia,1,1
233,1974,Germany,1,0,Chile,3,0
234,1974,German DR,2,0,Australia,3,0
235,1974,Zaire,0,2,Scotland,0,3
236,1974,Uruguay,0,2,Netherlands,0,3
237,1974,Sweden,0,0,Bulgaria,1,1
238,1974,Italy,3,1,Haiti,3,0
239,1974,Poland,3,2,Argentina,3,0
240,1974,Australia,0,3,Germany,0,3
241,1974,Scotland,0,0,Brazil,1,1
242,1974,Chile,1,1,German DR,1,1
243,1974,Yugoslavia,9,0,Zaire,3,0
244,1974,Netherlands,0,0,Sweden,1,1
245,1974,Bulgaria,1,1,Uruguay,1,1
246,1974,Haiti,0,7,Poland,0,3
247,1974,Argentina,1,1,Italy,1,1
248,1974,Scotland,1,1,Yugoslavia,1,1
249,1974,Australia,0,0,Chile,1,1
250,1974,Zaire,0,3,Brazil,0,3
251,1974,German DR,1,0,Germany,3,0
252,1974,Bulgaria,1,4,Netherlands,0,3
253,1974,Argentina,4,1,Haiti,3,0
254,1974,Sweden,3,0,Uruguay,3,0
255,1974,Poland,2,1,Italy,3,0
256,1974,Yugoslavia,0,2,Germany,0,3
257,1974,Brazil,1,0,German DR,3,0
258,1974,Netherlands,4,0,Argentina,3,0
259,1974,Sweden,0,1,Poland,0,3
260,1974,Argentina,1,2,Brazil,0,3
261,1974,Poland,2,1,Yugoslavia,3,0
262,1974,German DR,0,2,Netherlands,0,3
263,1974,Germany,4,2,Sweden,3,0
264,1974,Poland,0,1,Germany,0,3
265,1974,Netherlands,2,0,Brazil,3,0
266,1974,Argentina,1,1,German DR,1,1
267,1974,Sweden,2,1,Yugoslavia,3,0
268,1974,Brazil,0,1,Poland,0,3
269,1974,Netherlands,1,2,Germany,0,3
270,1978,Germany,0,0,Poland,1,1
271,1978,Italy,2,1,France,3,0
272,1978,Tunisia,3,1,Mexico,3,0
273,1978,Argentina,2,1,Hungary,3,0
274,1978,Sweden,1,1,Brazil,1,1
275,1978,Austria,2,1,Spain,3,0
276,1978,Peru,3,1,Scotland,3,0
277,1978,Netherlands,3,0,IR Iran,3,0
278,1978,Italy,3,1,Hungary,3,0
279,1978,Poland,1,0,Tunisia,3,0
280,1978,Germany,6,0,Mexico,3,0
281,1978,Argentina,2,1,France,3,0
282,1978,Brazil,0,0,Spain,1,1
283,1978,Austria,1,0,Sweden,3,0
284,1978,Scotland,1,1,IR Iran,1,1
285,1978,Netherlands,0,0,Peru,1,1
286,1978,France,3,1,Hungary,3,0
287,1978,Poland,3,1,Mexico,3,0
288,1978,Germany,0,0,Tunisia,1,1
289,1978,Italy,1,0,Argentina,3,0
290,1978,Brazil,1,0,Austria,3,0
291,1978,Spain,1,0,Sweden,3,0
292,1978,Peru,4,1,Iran,3,0
293,1978,Scotland,3,2,Netherlands,3,0
294,1978,Germany,0,0,Italy,1,1
295,1978,Netherlands,5,1,Austria,3,0
296,1978,Brazil,3,0,Peru,3,0
297,1978,Argentina,2,0,Poland,3,0
298,1978,Poland,1,0,Peru,3,0
299,1978,Italy,1,0,Austria,3,0
300,1978,Germany,2,2,Netherlands,1,1
301,1978,Argentina,0,0,Brazil,1,1
302,1978,Netherlands,2,1,Italy,3,0
303,1978,Austria,3,2,Germany,3,0
304,1978,Brazil,3,1,Poland,3,0
305,1978,Argentina,6,0,Peru,3,0
306,1978,Brazil,2,1,Italy,3,0
307,1978,Argentina,3,1,Netherlands,3,0
308,1982,Argentina,0,1,Belgium,0,3
309,1982,Italy,0,0,Poland,1,1
310,1982,Brazil,2,1,Soviet Union,3,0
311,1982,Peru,0,0,Cameroon,1,1
312,1982,Hungary,10,1,El Salvador,3,0
313,1982,Scotland,5,2,New Zealand,3,0
314,1982,Germany,1,2,Algeria,0,3
315,1982,England,3,1,France,3,0
316,1982,Spain,1,1,Honduras,1,1
317,1982,Chile,0,1,Austria,0,3
318,1982,Czechoslovakia,1,1,Kuwait,1,1
319,1982,Yugoslavia,0,0,Northern Ireland,1,1
320,1982,Italy,1,1,Peru,1,1
321,1982,Argentina,4,1,Hungary,3,0
322,1982,Brazil,4,1,Scotland,3,0
323,1982,Poland,0,0,Cameroon,1,1
324,1982,Belgium,1,0,El Salvador,3,0
325,1982,Soviet Union,3,0,New Zealand,3,0
326,1982,Germany,4,1,Chile,3,0
327,1982,England,2,0,Czechoslovakia,3,0
328,1982,Spain,2,1,Yugoslavia,3,0
329,1982,Algeria,0,2,Austria,0,3
330,1982,France,4,1,Kuwait,3,0
331,1982,Honduras,1,1,Northern Ireland,1,1
332,1982,Poland,5,1,Peru,3,0
333,1982,Belgium,1,1,Hungary,1,1
334,1982,Soviet Union,2,2,Scotland,1,1
335,1982,Italy,1,1,Cameroon,1,1
336,1982,Argentina,2,0,El Salvador,3,0
337,1982,Brazil,4,0,New Zealand,3,0
338,1982,Algeria,3,2,Chile,3,0
339,1982,France,1,1,Czechoslovakia,1,1
340,1982,Honduras,0,1,Yugoslavia,0,3
341,1982,Germany,1,0,Austria,3,0
342,1982,England,1,0,Kuwait,3,0
343,1982,Northern Ireland,1,0,Spain,3,0
344,1982,Austria,0,1,France,0,3
345,1982,Poland,3,0,Belgium,3,0
346,1982,Italy,2,1,Argentina,3,0
347,1982,Germany,0,0,England,1,1
348,1982,Austria,2,2,Northern Ireland,1,1
349,1982,Belgium,0,1,Soviet Union,0,3
350,1982,Argentina,1,3,Brazil,0,3
351,1982,Germany,2,1,Spain,3,0
352,1982,France,4,1,Northern Ireland,3,0
353,1982,Poland,0,0,Soviet Union,1,1
354,1982,Italy,3,2,Brazil,3,0
355,1982,Spain,0,0,England,1,1
356,1982,Poland,0,2,Italy,0,3
357,1982,Germany,3,3,France,1,1
358,1982,Poland,3,2,France,3,0
359,1982,Italy,3,1,Germany,3,0
360,1986,Bulgaria,1,1,Italy,1,1
361,1986,Canada,0,1,France,0,3
362,1986,Spain,0,1,Brazil,0,3
363,1986,Soviet Union,6,0,Hungary,3,0
364,1986,Argentina,3,1,Korea Republic,3,0
365,1986,Morocco,0,0,Poland,1,1
366,1986,Algeria,1,1,Northern Ireland,1,1
367,1986,Belgium,1,2,Mexico,0,3
368,1986,Portugal,1,0,England,3,0
369,1986,Paraguay,1,0,Iraq,3,0
370,1986,Scotland,0,1,Denmark,0,3
371,1986,Uruguay,1,1,Germany,1,1
372,1986,Italy,1,1,Argentina,1,1
373,1986,France,1,1,Soviet Union,1,1
374,1986,Korea Republic,1,1,Bulgaria,1,1
375,1986,Hungary,2,0,Canada,3,0
376,1986,Brazil,1,0,Algeria,3,0
377,1986,England,0,0,Morocco,1,1
378,1986,Northern Ireland,1,2,Spain,0,3
379,1986,Mexico,1,1,Paraguay,1,1
380,1986,Poland,1,0,Portugal,3,0
381,1986,Iraq,1,2,Belgium,0,3
382,1986,Denmark,6,1,Uruguay,3,0
383,1986,Germany,2,1,Scotland,3,0
384,1986,Hungary,0,3,France,0,3
385,1986,Soviet Union,2,0,Canada,3,0
386,1986,Korea Republic,2,3,Italy,0,3
387,1986,Argentina,2,0,Bulgaria,3,0
388,1986,Paraguay,2,2,Belgium,1,1
389,1986,Iraq,0,1,Mexico,0,3
390,1986,Portugal,1,3,Morocco,0,3
391,1986,England,3,0,Poland,3,0
392,1986,Northern Ireland,0,3,Brazil,0,3
393,1986,Algeria,0,3,Spain,0,3
394,1986,Scotland,0,0,Uruguay,1,1
395,1986,Denmark,2,0,Germany,3,0
396,1986,Soviet Union,3,4,Belgium,0,3
397,1986,Mexico,2,0,Bulgaria,3,0
398,1986,Argentina,1,0,Uruguay,3,0
399,1986,Brazil,4,0,Poland,3,0
400,1986,Italy,0,2,France,0,3
401,1986,Morocco,0,1,Germany,0,3
402,1986,England,3,0,Paraguay,3,0
403,1986,Denmark,1,5,Spain,0,3
404,1986,Brazil,1,1,France,1,1
405,1986,Germany,0,0,Mexico,1,1
406,1986,Spain,1,1,Belgium,1,1
407,1986,Argentina,2,1,England,3,0
408,1986,France,0,2,Germany,0,3
409,1986,Argentina,2,0,Belgium,3,0
410,1986,France,4,2,Belgium,3,0
411,1986,Argentina,3,2,Germany,3,0
412,1990,Argentina,0,1,Cameroon,0,3
413,1990,Soviet Union,0,2,Romania,0,3
414,1990,"rn"">United Arab Emirates",0,2,Colombia,0,3
415,1990,Italy,1,0,Austria,3,0
416,1990,USA,1,5,Czechoslovakia,0,3
417,1990,Brazil,2,1,Sweden,3,0
418,1990,Germany,4,1,Yugoslavia,3,0
419,1990,Costa Rica,1,0,Scotland,3,0
420,1990,England,1,1,"rn"">Republic of Ireland",1,1
421,1990,Belgium,2,0,Korea Republic,3,0
422,1990,Netherlands,1,1,Egypt,1,1
423,1990,Uruguay,0,0,Spain,1,1
424,1990,Argentina,2,0,Soviet Union,3,0
425,1990,Cameroon,2,1,Romania,3,0
426,1990,Yugoslavia,1,0,Colombia,3,0
427,1990,Italy,1,0,USA,3,0
428,1990,Austria,0,1,Czechoslovakia,0,3
429,1990,Germany,5,1,"rn"">United Arab Emirates",3,0
430,1990,Brazil,1,0,Costa Rica,3,0
431,1990,Sweden,1,2,Scotland,0,3
432,1990,England,0,0,Netherlands,1,1
433,1990,"rn"">Republic of Ireland",0,0,Egypt,1,1
434,1990,Korea Republic,1,3,Spain,0,3
435,1990,Belgium,3,1,Uruguay,3,0
436,1990,Argentina,1,1,Romania,1,1
437,1990,Cameroon,0,4,Soviet Union,0,3
438,1990,Germany,1,1,Colombia,1,1
439,1990,Yugoslavia,4,1,"rn"">United Arab Emirates",3,0
440,1990,Italy,2,0,Czechoslovakia,3,0
441,1990,Austria,2,1,USA,3,0
442,1990,Brazil,1,0,Scotland,3,0
443,1990,Sweden,1,2,Costa Rica,0,3
444,1990,Korea Republic,0,1,Uruguay,0,3
445,1990,Belgium,1,2,Spain,0,3
446,1990,"rn"">Republic of Ireland",1,1,Netherlands,1,1
447,1990,England,1,0,Egypt,3,0
448,1990,Cameroon,2,1,Colombia,3,0
449,1990,Czechoslovakia,4,1,Costa Rica,3,0
450,1990,Brazil,0,1,Argentina,0,3
451,1990,Germany,2,1,Netherlands,3,0
452,1990,"rn"">Republic of Ireland",0,0,Romania,1,1
453,1990,Italy,2,0,Uruguay,3,0
454,1990,Spain,1,2,Yugoslavia,0,3
455,1990,England,1,0,Belgium,3,0
456,1990,Yugoslavia,0,0,Argentina,1,1
457,1990,Italy,1,0,"rn"">Republic of Ireland",3,0
458,1990,Germany,1,0,Czechoslovakia,3,0
459,1990,England,3,2,Cameroon,3,0
460,1990,Italy,1,1,Argentina,1,1
461,1990,Germany,1,1,England,1,1
462,1990,Italy,2,1,England,3,0
463,1990,Germany,1,0,Argentina,3,0
464,1994,Spain,2,2,Korea Republic,1,1
465,1994,Germany,1,0,Bolivia,3,0
466,1994,USA,1,1,Switzerland,1,1
467,1994,Italy,0,1,"rn"">Republic of Ireland",0,3
468,1994,Colombia,1,3,Romania,0,3
469,1994,Belgium,1,0,Morocco,3,0
470,1994,Norway,1,0,Mexico,3,0
471,1994,Cameroon,2,2,Sweden,1,1
472,1994,Netherlands,2,1,Saudi Arabia,3,0
473,1994,Brazil,2,0,Russia,3,0
474,1994,Argentina,4,0,Greece,3,0
475,1994,Nigeria,3,0,Bulgaria,3,0
476,1994,Germany,1,1,Spain,1,1
477,1994,Romania,1,4,Switzerland,0,3
478,1994,USA,2,1,Colombia,3,0
479,1994,Italy,1,0,Norway,3,0
480,1994,Korea Republic,0,0,Bolivia,1,1
481,1994,Mexico,2,1,"rn"">Republic of Ireland",3,0
482,1994,Sweden,3,1,Russia,3,0
483,1994,Brazil,3,0,Cameroon,3,0
484,1994,Belgium,1,0,Netherlands,3,0
485,1994,Saudi Arabia,2,1,Morocco,3,0
486,1994,Argentina,2,1,Nigeria,3,0
487,1994,Bulgaria,4,0,Greece,3,0
488,1994,USA,0,1,Romania,0,3
489,1994,Switzerland,0,2,Colombia,0,3
490,1994,Germany,3,2,Korea Republic,3,0
491,1994,Bolivia,1,3,Spain,0,3
492,1994,"rn"">Republic of Ireland",0,0,Norway,1,1
493,1994,Brazil,1,1,Sweden,1,1
494,1994,Italy,1,1,Mexico,1,1
495,1994,Russia,6,1,Cameroon,3,0
496,1994,Morocco,1,2,Netherlands,0,3
497,1994,Belgium,0,1,Saudi Arabia,0,3
498,1994,Greece,0,2,Nigeria,0,3
499,1994,Argentina,0,2,Bulgaria,0,3
500,1994,Germany,3,2,Belgium,3,0
501,1994,Spain,3,0,Switzerland,3,0
502,1994,Saudi Arabia,1,3,Sweden,0,3
503,1994,Romania,3,2,Argentina,3,0
504,1994,Netherlands,2,0,"rn"">Republic of Ireland",3,0
505,1994,Brazil,1,0,USA,3,0
506,1994,Nigeria,1,2,Italy,0,3
507,1994,Mexico,1,1,Bulgaria,1,1
508,1994,Italy,2,1,Spain,3,0
509,1994,Netherlands,2,3,Brazil,0,3
510,1994,Bulgaria,2,1,Germany,3,0
511,1994,Romania,2,2,Sweden,1,1
512,1994,Bulgaria,1,2,Italy,0,3
513,1994,Sweden,0,1,Brazil,0,3
514,1994,Sweden,4,0,Bulgaria,3,0
515,1994,Brazil,0,0,Italy,1,1
516,1998,Brazil,2,1,Scotland,3,0
517,1998,Morocco,2,2,Norway,1,1
518,1998,Italy,2,2,Chile,1,1
519,1998,Cameroon,1,1,Austria,1,1
520,1998,Paraguay,0,0,Bulgaria,1,1
521,1998,Saudi Arabia,0,1,Denmark,0,3
522,1998,France,3,0,South Africa,3,0
523,1998,Spain,2,3,Nigeria,0,3
524,1998,Korea Republic,1,3,Mexico,0,3
525,1998,Netherlands,0,0,Belgium,1,1
526,1998,Argentina,1,0,Japan,3,0
527,1998,Yugoslavia,1,0,Iran,3,0
528,1998,Jamaica,1,3,Croatia,0,3
529,1998,England,2,0,Tunisia,3,0
530,1998,Romania,1,0,Colombia,3,0
531,1998,Germany,2,0,USA,3,0
532,1998,Scotland,1,1,Norway,1,1
533,1998,Brazil,3,0,Morocco,3,0
534,1998,Chile,1,1,Austria,1,1
535,1998,Italy,3,0,Cameroon,3,0
536,1998,South Africa,1,1,Denmark,1,1
537,1998,France,4,0,Saudi Arabia,3,0
538,1998,Nigeria,1,0,Bulgaria,3,0
539,1998,Spain,0,0,Paraguay,1,1
540,1998,Japan,0,1,Croatia,0,3
541,1998,Belgium,2,2,Mexico,1,1
542,1998,Netherlands,5,0,Korea Republic,3,0
543,1998,Germany,2,2,Yugoslavia,1,1
544,1998,Argentina,5,0,Jamaica,3,0
545,1998,USA,1,2,Iran,0,3
546,1998,Colombia,1,0,Tunisia,3,0
547,1998,Romania,2,1,England,3,0
548,1998,Italy,2,1,Austria,3,0
549,1998,Chile,1,1,Cameroon,1,1
550,1998,Scotland,0,3,Morocco,0,3
551,1998,Brazil,1,2,Norway,0,3
552,1998,France,2,1,Denmark,3,0
553,1998,South Africa,2,2,Saudi Arabia,1,1
554,1998,Spain,6,1,Bulgaria,3,0
555,1998,Nigeria,1,3,Paraguay,0,3
556,1998,Belgium,1,1,Korea Republic,1,1
557,1998,Netherlands,2,2,Mexico,1,1
558,1998,Germany,2,0,Iran,3,0
559,1998,USA,0,1,Yugoslavia,0,3
560,1998,Japan,1,2,Jamaica,0,3
561,1998,Argentina,1,0,Croatia,3,0
562,1998,Romania,1,1,Tunisia,1,1
563,1998,Colombia,0,2,England,0,3
564,1998,Italy,1,0,Norway,3,0
565,1998,Brazil,4,1,Chile,3,0
566,1998,France,1,0,Paraguay,3,0
567,1998,Nigeria,1,4,Denmark,0,3
568,1998,Germany,2,1,Mexico,3,0
569,1998,Netherlands,2,1,Yugoslavia,3,0
570,1998,Romania,0,1,Croatia,0,3
571,1998,Argentina,2,2,England,1,1
572,1998,Italy,0,0,France,1,1
573,1998,Brazil,3,2,Denmark,3,0
574,1998,Netherlands,2,1,Argentina,3,0
575,1998,Germany,0,3,Croatia,0,3
576,1998,Brazil,1,1,Netherlands,1,1
577,1998,France,2,1,Croatia,3,0
578,1998,Netherlands,1,2,Croatia,0,3
579,1998,Brazil,0,3,France,0,3
580,2002,France,0,1,Senegal,0,3
581,2002,Uruguay,1,2,Denmark,0,3
582,2002,"rn"">Republic of Ireland",1,1,Cameroon,1,1
583,2002,Germany,8,0,Saudi Arabia,3,0
584,2002,Argentina,1,0,Nigeria,3,0
585,2002,Paraguay,2,2,South Africa,1,1
586,2002,England,1,1,Sweden,1,1
587,2002,Spain,3,1,Slovenia,3,0
588,2002,Brazil,2,1,Turkey,3,0
589,2002,Italy,2,0,Ecuador,3,0
590,2002,Croatia,0,1,Mexico,0,3
591,2002,China PR,0,2,Costa Rica,0,3
592,2002,Japan,2,2,Belgium,1,1
593,2002,Korea Republic,2,0,Poland,3,0
594,2002,Russia,2,0,Tunisia,3,0
595,2002,USA,3,2,Portugal,3,0
596,2002,Germany,1,1,"rn"">Republic of Ireland",1,1
597,2002,Denmark,1,1,Senegal,1,1
598,2002,Cameroon,1,0,Saudi Arabia,3,0
599,2002,France,0,0,Uruguay,1,1
600,2002,Sweden,2,1,Nigeria,3,0
601,2002,Argentina,0,1,England,0,3
602,2002,Spain,3,1,Paraguay,3,0
603,2002,South Africa,1,0,Slovenia,3,0
604,2002,Brazil,4,0,China PR,3,0
605,2002,Italy,1,2,Croatia,0,3
606,2002,Costa Rica,1,1,Turkey,1,1
607,2002,Japan,1,0,Russia,3,0
608,2002,Mexico,2,1,Ecuador,3,0
609,2002,Korea Republic,1,1,USA,1,1
610,2002,Portugal,4,0,Poland,3,0
611,2002,Tunisia,1,1,Belgium,1,1
612,2002,Denmark,2,0,France,3,0
613,2002,Senegal,3,3,Uruguay,1,1
614,2002,Saudi Arabia,0,3,"rn"">Republic of Ireland",0,3
615,2002,Cameroon,0,2,Germany,0,3
616,2002,Sweden,1,1,Argentina,1,1
617,2002,Nigeria,0,0,England,1,1
618,2002,Slovenia,1,3,Paraguay,0,3
619,2002,South Africa,2,3,Spain,0,3
620,2002,Costa Rica,2,5,Brazil,0,3
621,2002,Turkey,3,0,China PR,3,0
622,2002,Ecuador,1,0,Croatia,3,0
623,2002,Mexico,1,1,Italy,1,1
624,2002,Tunisia,0,2,Japan,0,3
625,2002,Portugal,0,1,Korea Republic,0,3
626,2002,Poland,3,1,USA,3,0
627,2002,Belgium,3,2,Russia,3,0
628,2002,Denmark,0,3,England,0,3
629,2002,Germany,1,0,Paraguay,3,0
630,2002,Spain,1,1,"rn"">Republic of Ireland",1,1
631,2002,Sweden,1,2,Senegal,0,3
632,2002,Brazil,2,0,Belgium,3,0
633,2002,Mexico,0,2,USA,0,3
634,2002,Japan,0,1,Turkey,0,3
635,2002,Korea Republic,2,1,Italy,3,0
636,2002,England,1,2,Brazil,0,3
637,2002,Germany,1,0,USA,3,0
638,2002,Senegal,0,1,Turkey,0,3
639,2002,Spain,0,0,Korea Republic,1,1
640,2002,Germany,1,0,Korea Republic,3,0
641,2002,Brazil,1,0,Turkey,3,0
642,2002,Korea Republic,2,3,Turkey,0,3
643,2002,Germany,0,2,Brazil,0,3
644,2006,Germany,4,2,Costa Rica,3,0
645,2006,Poland,0,2,Ecuador,0,3
646,2006,England,1,0,Paraguay,3,0
647,2006,"rn"">Trinidad and Tobago",0,0,Sweden,1,1
648,2006,Argentina,2,1,C•À_te d'Ivoire,3,0
649,2006,"rn"">Serbia and Montenegro",0,1,Netherlands,0,3
650,2006,Mexico,3,1,Iran,3,0
651,2006,Angola,0,1,Portugal,0,3
652,2006,Australia,3,1,Japan,3,0
653,2006,USA,0,3,Czech Republic,0,3
654,2006,Italy,2,0,Ghana,3,0
655,2006,Korea Republic,2,1,Togo,3,0
656,2006,France,0,0,Switzerland,1,1
657,2006,Brazil,1,0,Croatia,3,0
658,2006,Spain,4,0,Ukraine,3,0
659,2006,Tunisia,2,2,Saudi Arabia,1,1
660,2006,Germany,1,0,Poland,3,0
661,2006,Ecuador,3,0,Costa Rica,3,0
662,2006,England,2,0,"rn"">Trinidad and Tobago",3,0
663,2006,Sweden,1,0,Paraguay,3,0
664,2006,Argentina,6,0,"rn"">Serbia and Montenegro",3,0
665,2006,Netherlands,2,1,C•À_te d'Ivoire,3,0
666,2006,Mexico,0,0,Angola,1,1
667,2006,Portugal,2,0,IR Iran,3,0
668,2006,Czech Republic,0,2,Ghana,0,3
669,2006,Italy,1,1,USA,1,1
670,2006,Japan,0,0,Croatia,1,1
671,2006,Brazil,2,0,Australia,3,0
672,2006,France,1,1,Korea Republic,1,1
673,2006,Togo,0,2,Switzerland,0,3
674,2006,Saudi Arabia,0,4,Ukraine,0,3
675,2006,Spain,3,1,Tunisia,3,0
676,2006,Ecuador,0,3,Germany,0,3
677,2006,Costa Rica,1,2,Poland,0,3
678,2006,Sweden,2,2,England,1,1
679,2006,Paraguay,2,0,"rn"">Trinidad and Tobago",3,0
680,2006,Iran,1,1,Angola,1,1
681,2006,Portugal,2,1,Mexico,3,0
682,2006,Netherlands,0,0,Argentina,1,1
683,2006,C•À_te d'Ivoire,3,2,"rn"">Serbia and Montenegro",3,0
684,2006,Czech Republic,0,2,Italy,0,3
685,2006,Ghana,2,1,USA,3,0
686,2006,Japan,1,4,Brazil,0,3
687,2006,Croatia,2,2,Australia,1,1
688,2006,Ukraine,1,0,Tunisia,3,0
689,2006,Saudi Arabia,0,1,Spain,0,3
690,2006,Togo,0,2,France,0,3
691,2006,Switzerland,2,0,Korea Republic,3,0
692,2006,Germany,2,0,Sweden,3,0
693,2006,Argentina,2,1,Mexico,3,0
694,2006,England,1,0,Ecuador,3,0
695,2006,Portugal,1,0,Netherlands,3,0
696,2006,Italy,1,0,Australia,3,0
697,2006,Switzerland,0,0,Ukraine,1,1
698,2006,Brazil,3,0,Ghana,3,0
699,2006,Spain,1,3,France,0,3
700,2006,Germany,1,1,Argentina,1,1
701,2006,Italy,3,0,Ukraine,3,0
702,2006,England,0,0,Portugal,1,1
703,2006,Brazil,0,1,France,0,3
704,2006,Germany,0,2,Italy,0,3
705,2006,Portugal,0,1,France,0,3
706,2006,Germany,3,1,Portugal,3,0
707,2006,Italy,1,1,France,1,1
708,2010,South Africa,1,1,Mexico,1,1
709,2010,Uruguay,0,0,France,1,1
710,2010,Korea Republic,2,0,Greece,3,0
711,2010,Argentina,1,0,Nigeria,3,0
712,2010,England,1,1,USA,1,1
713,2010,Algeria,0,1,Slovenia,0,3
714,2010,Serbia,0,1,Ghana,0,3
715,2010,Germany,4,0,Australia,3,0
716,2010,Netherlands,2,0,Denmark,3,0
717,2010,Japan,1,0,Cameroon,3,0
718,2010,Italy,1,1,Paraguay,1,1
719,2010,New Zealand,1,1,Slovakia,1,1
720,2010,C•À_te d'Ivoire,0,0,Portugal,1,1
721,2010,Brazil,2,1,Korea DPR,3,0
722,2010,Honduras,0,1,Chile,0,3
723,2010,Spain,0,1,Switzerland,0,3
724,2010,South Africa,0,3,Uruguay,0,3
725,2010,Argentina,4,1,Korea Republic,3,0
726,2010,Greece,2,1,Nigeria,3,0
727,2010,France,0,2,Mexico,0,3
728,2010,Germany,0,1,Serbia,0,3
729,2010,Slovenia,2,2,USA,1,1
730,2010,England,0,0,Algeria,1,1
731,2010,Netherlands,1,0,Japan,3,0
732,2010,Ghana,1,1,Australia,1,1
733,2010,Cameroon,1,2,Denmark,0,3
734,2010,Slovakia,0,2,Paraguay,0,3
735,2010,Italy,1,1,New Zealand,1,1
736,2010,Brazil,3,1,C•À_te d'Ivoire,3,0
737,2010,Portugal,7,0,Korea DPR,3,0
738,2010,Chile,1,0,Switzerland,3,0
739,2010,Spain,2,0,Honduras,3,0
740,2010,Mexico,0,1,Uruguay,0,3
741,2010,France,1,2,South Africa,0,3
742,2010,Nigeria,2,2,Korea Republic,1,1
743,2010,Greece,0,2,Argentina,0,3
744,2010,Slovenia,0,1,England,0,3
745,2010,USA,1,0,Algeria,3,0
746,2010,Ghana,0,1,Germany,0,3
747,2010,Australia,2,1,Serbia,3,0
748,2010,Slovakia,3,2,Italy,3,0
749,2010,Paraguay,0,0,New Zealand,1,1
750,2010,Denmark,1,3,Japan,0,3
751,2010,Cameroon,1,2,Netherlands,0,3
752,2010,Portugal,0,0,Brazil,1,1
753,2010,Korea DPR,0,3,C•À_te d'Ivoire,0,3
754,2010,Chile,1,2,Spain,0,3
755,2010,Switzerland,0,0,Honduras,1,1
756,2010,Uruguay,2,1,Korea Republic,3,0
757,2010,USA,1,2,Ghana,0,3
758,2010,Germany,4,1,England,3,0
759,2010,Argentina,3,1,Mexico,3,0
760,2010,Netherlands,2,1,Slovakia,3,0
761,2010,Brazil,3,0,Chile,3,0
762,2010,Paraguay,0,0,Japan,1,1
763,2010,Spain,1,0,Portugal,3,0
764,2010,Netherlands,2,1,Brazil,3,0
765,2010,Uruguay,1,1,Ghana,1,1
766,2010,Argentina,0,4,Germany,0,3
767,2010,Paraguay,0,1,Spain,0,3
768,2010,Uruguay,2,3,Netherlands,0,3
769,2010,Germany,0,1,Spain,0,3
770,2010,Uruguay,2,3,Germany,0,3
771,2010,Netherlands,0,1,Spain,0,3
772,2014,Brazil,3,1,Croatia,3,0
773,2014,Mexico,1,0,Cameroon,3,0
774,2014,Spain,1,5,Netherlands,0,3
775,2014,Chile,3,1,Australia,3,0
776,2014,Colombia,3,0,Greece,3,0
777,2014,Uruguay,1,3,Costa Rica,0,3
778,2014,England,1,2,Italy,0,3
779,2014,C•À_te d'Ivoire,2,1,Japan,3,0
780,2014,Switzerland,2,1,Ecuador,3,0
781,2014,France,3,0,Honduras,3,0
782,2014,Argentina,2,1,"rn"">Bosnia and Herzegovina",3,0
783,2014,Germany,4,0,Portugal,3,0
784,2014,IR Iran,0,0,Nigeria,1,1
785,2014,Ghana,1,2,USA,0,3
786,2014,Belgium,2,1,Algeria,3,0
787,2014,Brazil,0,0,Mexico,1,1
788,2014,Russia,1,1,Korea Republic,1,1
789,2014,Australia,2,3,Netherlands,0,3
790,2014,Spain,0,2,Chile,0,3
791,2014,Cameroon,0,4,Croatia,0,3
792,2014,Colombia,2,1,C•À_te d'Ivoire,3,0
793,2014,Uruguay,2,1,England,3,0
794,2014,Japan,0,0,Greece,1,1
795,2014,Italy,0,1,Costa Rica,0,3
796,2014,Switzerland,2,5,France,0,3
797,2014,Honduras,1,2,Ecuador,0,3
798,2014,Argentina,1,0,IR Iran,3,0
799,2014,Germany,2,2,Ghana,1,1
800,2014,Nigeria,1,0,"rn"">Bosnia and Herzegovina",3,0
801,2014,Belgium,1,0,Russia,3,0
802,2014,Korea Republic,2,4,Algeria,0,3
803,2014,USA,2,2,Portugal,1,1
804,2014,Australia,0,3,Spain,0,3
805,2014,Netherlands,2,0,Chile,3,0
806,2014,Cameroon,1,4,Brazil,0,3
807,2014,Croatia,1,3,Mexico,0,3
808,2014,Italy,0,1,Uruguay,0,3
809,2014,Costa Rica,0,0,England,1,1
810,2014,Japan,1,4,Colombia,0,3
811,2014,Greece,2,1,C•À_te d'Ivoire,3,0
812,2014,Nigeria,2,3,Argentina,0,3
813,2014,"rn"">Bosnia and Herzegovina",3,1,IR Iran,3,0
814,2014,Honduras,0,3,Switzerland,0,3
815,2014,Ecuador,0,0,France,1,1
816,2014,USA,0,1,Germany,0,3
817,2014,Portugal,2,1,Ghana,3,0
818,2014,Korea Republic,0,1,Belgium,0,3
819,2014,Algeria,1,1,Russia,1,1
820,2014,Brazil,1,1,Chile,1,1
821,2014,Colombia,2,0,Uruguay,3,0
822,2014,France,2,0,Nigeria,3,0
823,2014,Germany,2,1,Algeria,3,0
824,2014,Brazil,2,1,Colombia,3,0
825,2014,France,0,1,Germany,0,3
826,2014,Brazil,1,7,Germany,0,3
827,2014,Brazil,0,3,Netherlands,0,3
828,2014,Germany,1,0,Argentina,3,0
829,2014,Netherlands,0,0,Argentina,1,1
830,2014,Netherlands,0,0,Costa Rica,1,1
831,2014,Argentina,1,0,Belgium,3,0
832,2014,Netherlands,2,1,Mexico,3,0
833,2014,Costa Rica,1,1,Greece,1,1
834,2014,Argentina,1,0,Switzerland,3,0
835,2014,Belgium,2,1,USA,3,0
836,2014,Brazil,1,1,Chile,1,1
837,2014,Colombia,2,0,Uruguay,3,0
838,2014,Netherlands,2,1,Mexico,3,0
839,2014,Costa Rica,1,1,Greece,1,1
840,2014,France,2,0,Nigeria,3,0
841,2014,Germany,2,1,Algeria,3,0
842,2014,Argentina,1,0,Switzerland,3,0
843,2014,Belgium,2,1,USA,3,0
844,2014,France,0,1,Germany,0,3
845,2014,Brazil,2,1,Colombia,3,0
846,2014,Argentina,1,0,Belgium,3,0
847,2014,Netherlands,0,0,Costa Rica,1,1
848,2014,Brazil,1,7,Germany,0,3
849,2014,Netherlands,0,0,Argentina,1,1
850,2014,Brazil,0,3,Netherlands,0,3
851,2014,Germany,1,0,Argentina,3,0
852,,,,,,0,0
853,,,,,,0,0
854,,,,,,0,0
855,,,,,,0,0
856,,,,,,0,0
857,,,,,,0,0
858,,,,,,0,0
859,,,,,,0,0
860,,,,,,0,0
861,,,,,,0,0
862,,,,,,0,0
863,,,,,,0,0
864,,,,,,0,0
865,,,,,,0,0
866,,,,,,0,0
867,,,,,,0,0
868,,,,,,0,0
869,,,,,,0,0
870,,,,,,0,0
871,,,,,,0,0
872,,,,,,0,0
873,,,,,,0,0
874,,,,,,0,0
875,,,,,,0,0
876,,,,,,0,0
877,,,,,,0,0
878,,,,,,0,0
879,,,,,,0,0
880,,,,,,0,0
881,,,,,,0,0
882,,,,,,0,0
883,,,,,,0,0
884,,,,,,0,0
885,,,,,,0,0
886,,,,,,0,0
887,,,,,,0,0
888,,,,,,0,0
889,,,,,,0,0
890,,,,,,0,0
891,,,,,,0,0
892,,,,,,0,0
893,,,,,,0,0
894,,,,,,0,0
895,,,,,,0,0
896,,,,,,0,0
897,,,,,,0,0
898,,,,,,0,0
899,,,,,,0,0
900,,,,,,0,0
901,,,,,,0,0
902,,,,,,0,0
903,,,,,,0,0
904,,,,,,0,0
905,,,,,,0,0
906,,,,,,0,0
907,,,,,,0,0
908,,,,,,0,0
909,,,,,,0,0
910,,,,,,0,0
911,,,,,,0,0
912,,,,,,0,0
913,,,,,,0,0
914,,,,,,0,0
915,,,,,,0,0
916,,,,,,0,0
917,,,,,,0,0
918,,,,,,0,0
919,,,,,,0,0
920,,,,,,0,0
921,,,,,,0,0
922,,,,,,0,0
923,,,,,,0,0
924,,,,,,0,0
925,,,,,,0,0
926,,,,,,0,0
927,,,,,,0,0
928,,,,,,0,0
929,,,,,,0,0
930,,,,,,0,0
931,,,,,,0,0
932,,,,,,0,0
933,,,,,,0,0
934,,,,,,0,0
935,,,,,,0,0
936,,,,,,0,0
937,,,,,,0,0
938,,,,,,0,0
939,,,,,,0,0
940,,,,,,0,0
941,,,,,,0,0
942,,,,,,0,0
943,,,,,,0,0
944,,,,,,0,0
945,,,,,,0,0
946,,,,,,0,0
947,,,,,,0,0
948,,,,,,0,0
949,,,,,,0,0
950,,,,,,0,0
951,,,,,,0,0
952,,,,,,0,0
953,,,,,,0,0
954,,,,,,0,0
955,,,,,,0,0
956,,,,,,0,0
957,,,,,,0,0
958,,,,,,0,0
959,,,,,,0,0
960,,,,,,0,0
961,,,,,,0,0
962,,,,,,0,0
963,,,,,,0,0
964,,,,,,0,0
965,,,,,,0,0
966,,,,,,0,0
967,,,,,,0,0
968,,,,,,0,0
969,,,,,,0,0
970,,,,,,0,0
971,,,,,,0,0
972,,,,,,0,0
973,,,,,,0,0
974,,,,,,0,0
975,,,,,,0,0
976,,,,,,0,0
977,,,,,,0,0
978,,,,,,0,0
979,,,,,,0,0
980,,,,,,0,0
981,,,,,,0,0
982,,,,,,0,0
983,,,,,,0,0
984,,,,,,0,0
985,,,,,,0,0
986,,,,,,0,0
987,,,,,,0,0
988,,,,,,0,0
989,,,,,,0,0
990,,,,,,0,0
991,,,,,,0,0
992,,,,,,0,0
993,,,,,,0,0
994,,,,,,0,0
995,,,,,,0,0
996,,,,,,0,0
997,,,,,,0,0
998,,,,,,0,0
999,,,,,,0,0
1000,,,,,,0,0
1001,,,,,,0,0
1002,,,,,,0,0
1003,,,,,,0,0
1004,,,,,,0,0
1005,,,,,,0,0
1006,,,,,,0,0
1007,,,,,,0,0
1008,,,,,,0,0
1009,,,,,,0,0
1010,,,,,,0,0
1011,,,,,,0,0
1012,,,,,,0,0
1013,,,,,,0,0
1014,,,,,,0,0
1015,,,,,,0,0
1016,,,,,,0,0
1017,,,,,,0,0
1018,,,,,,0,0
1019,,,,,,0,0
1020,,,,,,0,0
1021,,,,,,0,0
1022,,,,,,0,0
1023,,,,,,0,0
1024,,,,,,0,0
1025,,,,,,0,0
1026,,,,,,0,0
1027,,,,,,0,0
1028,,,,,,0,0
1029,,,,,,0,0
1030,,,,,,0,0
1031,,,,,,0,0
1032,,,,,,0,0
1033,,,,,,0,0
1034,,,,,,0,0
1035,,,,,,0,0
1036,,,,,,0,0
1037,,,,,,0,0
1038,,,,,,0,0
1039,,,,,,0,0
1040,,,,,,0,0
1041,,,,,,0,0
1042,,,,,,0,0
1043,,,,,,0,0
1044,,,,,,0,0
1045,,,,,,0,0
1046,,,,,,0,0
1047,,,,,,0,0
1048,,,,,,0,0
1049,,,,,,0,0
1050,,,,,,0,0
1051,,,,,,0,0
1052,,,,,,0,0
1053,,,,,,0,0
1054,,,,,,0,0
1055,,,,,,0,0
1056,,,,,,0,0
1057,,,,,,0,0
1058,,,,,,0,0
1059,,,,,,0,0
1060,,,,,,0,0
1061,,,,,,0,0
1062,,,,,,0,0
1063,,,,,,0,0
1064,,,,,,0,0
1065,,,,,,0,0
1066,,,,,,0,0
1067,,,,,,0,0
1068,,,,,,0,0
1069,,,,,,0,0
1070,,,,,,0,0
1071,,,,,,0,0
1072,,,,,,0,0
1073,,,,,,0,0
1074,,,,,,0,0
1075,,,,,,0,0
1076,,,,,,0,0
1077,,,,,,0,0
1078,,,,,,0,0
1079,,,,,,0,0
1080,,,,,,0,0
1081,,,,,,0,0
1082,,,,,,0,0
1083,,,,,,0,0
1084,,,,,,0,0
1085,,,,,,0,0
1086,,,,,,0,0
1087,,,,,,0,0
1088,,,,,,0,0
1089,,,,,,0,0
1090,,,,,,0,0
1091,,,,,,0,0
1092,,,,,,0,0
1093,,,,,,0,0
1094,,,,,,0,0
1095,,,,,,0,0
1096,,,,,,0,0
1097,,,,,,0,0
1098,,,,,,0,0
1099,,,,,,0,0
1100,,,,,,0,0
1101,,,,,,0,0
1102,,,,,,0,0
1103,,,,,,0,0
1104,,,,,,0,0
1105,,,,,,0,0
1106,,,,,,0,0
1107,,,,,,0,0
1108,,,,,,0,0
1109,,,,,,0,0
1110,,,,,,0,0
1111,,,,,,0,0
1112,,,,,,0,0
1113,,,,,,0,0
1114,,,,,,0,0
1115,,,,,,0,0
1116,,,,,,0,0
1117,,,,,,0,0
1118,,,,,,0,0
1119,,,,,,0,0
1120,,,,,,0,0
1121,,,,,,0,0
1122,,,,,,0,0
1123,,,,,,0,0
1124,,,,,,0,0
1125,,,,,,0,0
1126,,,,,,0,0
1127,,,,,,0,0
1128,,,,,,0,0
1129,,,,,,0,0
1130,,,,,,0,0
1131,,,,,,0,0
1132,,,,,,0,0
1133,,,,,,0,0
1134,,,,,,0,0
1135,,,,,,0,0
1136,,,,,,0,0
1137,,,,,,0,0
1138,,,,,,0,0
1139,,,,,,0,0
1140,,,,,,0,0
1141,,,,,,0,0
1142,,,,,,0,0
1143,,,,,,0,0
1144,,,,,,0,0
1145,,,,,,0,0
1146,,,,,,0,0
1147,,,,,,0,0
1148,,,,,,0,0
1149,,,,,,0,0
1150,,,,,,0,0
1151,,,,,,0,0
1152,,,,,,0,0
1153,,,,,,0,0
1154,,,,,,0,0
1155,,,,,,0,0
1156,,,,,,0,0
1157,,,,,,0,0
1158,,,,,,0,0
1159,,,,,,0,0
1160,,,,,,0,0
1161,,,,,,0,0
1162,,,,,,0,0
1163,,,,,,0,0
1164,,,,,,0,0
1165,,,,,,0,0
1166,,,,,,0,0
1167,,,,,,0,0
1168,,,,,,0,0
1169,,,,,,0,0
1170,,,,,,0,0
1171,,,,,,0,0
1172,,,,,,0,0
1173,,,,,,0,0
1174,,,,,,0,0
1175,,,,,,0,0
1176,,,,,,0,0
1177,,,,,,0,0
1178,,,,,,0,0
1179,,,,,,0,0
1180,,,,,,0,0
1181,,,,,,0,0
1182,,,,,,0,0
1183,,,,,,0,0
1184,,,,,,0,0
1185,,,,,,0,0
1186,,,,,,0,0
1187,,,,,,0,0
1188,,,,,,0,0
1189,,,,,,0,0
1190,,,,,,0,0
1191,,,,,,0,0
1192,,,,,,0,0
1193,,,,,,0,0
1194,,,,,,0,0
1195,,,,,,0,0
1196,,,,,,0,0
1197,,,,,,0,0
1198,,,,,,0,0
1199,,,,,,0,0
1200,,,,,,0,0
1201,,,,,,0,0
1202,,,,,,0,0
1203,,,,,,0,0
1204,,,,,,0,0
1205,,,,,,0,0
1206,,,,,,0,0
1207,,,,,,0,0
1208,,,,,,0,0
1209,,,,,,0,0
1210,,,,,,0,0
1211,,,,,,0,0
1212,,,,,,0,0
1213,,,,,,0,0
1214,,,,,,0,0
1215,,,,,,0,0
1216,,,,,,0,0
1217,,,,,,0,0
1218,,,,,,0,0
1219,,,,,,0,0
1220,,,,,,0,0
1221,,,,,,0,0
1222,,,,,,0,0
1223,,,,,,0,0
1224,,,,,,0,0
1225,,,,,,0,0
1226,,,,,,0,0
1227,,,,,,0,0
1228,,,,,,0,0
1229,,,,,,0,0
1230,,,,,,0,0
1231,,,,,,0,0
1232,,,,,,0,0
1233,,,,,,0,0
1234,,,,,,0,0
1235,,,,,,0,0
1236,,,,,,0,0
1237,,,,,,0,0
1238,,,,,,0,0
1239,,,,,,0,0
1240,,,,,,0,0
1241,,,,,,0,0
1242,,,,,,0,0
1243,,,,,,0,0
1244,,,,,,0,0
1245,,,,,,0,0
1246,,,,,,0,0
1247,,,,,,0,0
1248,,,,,,0,0
1249,,,,,,0,0
1250,,,,,,0,0
1251,,,,,,0,0
1252,,,,,,0,0
1253,,,,,,0,0
1254,,,,,,0,0
1255,,,,,,0,0
1256,,,,,,0,0
1257,,,,,,0,0
1258,,,,,,0,0
1259,,,,,,0,0
1260,,,,,,0,0
1261,,,,,,0,0
1262,,,,,,0,0
1263,,,,,,0,0
1264,,,,,,0,0
1265,,,,,,0,0
1266,,,,,,0,0
1267,,,,,,0,0
1268,,,,,,0,0
1269,,,,,,0,0
1270,,,,,,0,0
1271,,,,,,0,0
1272,,,,,,0,0
1273,,,,,,0,0
1274,,,,,,0,0
1275,,,,,,0,0
1276,,,,,,0,0
1277,,,,,,0,0
1278,,,,,,0,0
1279,,,,,,0,0
1280,,,,,,0,0
1281,,,,,,0,0
1282,,,,,,0,0
1283,,,,,,0,0
1284,,,,,,0,0
1285,,,,,,0,0
1286,,,,,,0,0
1287,,,,,,0,0
1288,,,,,,0,0
1289,,,,,,0,0
1290,,,,,,0,0
1291,,,,,,0,0
1292,,,,,,0,0
1293,,,,,,0,0
1294,,,,,,0,0
1295,,,,,,0,0
1296,,,,,,0,0
1297,,,,,,0,0
1298,,,,,,0,0
1299,,,,,,0,0
1300,,,,,,0,0
1301,,,,,,0,0
1302,,,,,,0,0
1303,,,,,,0,0
1304,,,,,,0,0
1305,,,,,,0,0
1306,,,,,,0,0
1307,,,,,,0,0
1308,,,,,,0,0
1309,,,,,,0,0
1310,,,,,,0,0
1311,,,,,,0,0
1312,,,,,,0,0
1313,,,,,,0,0
1314,,,,,,0,0
1315,,,,,,0,0
1316,,,,,,0,0
1317,,,,,,0,0
1318,,,,,,0,0
1319,,,,,,0,0
1320,,,,,,0,0
1321,,,,,,0,0
1322,,,,,,0,0
1323,,,,,,0,0
1324,,,,,,0,0
1325,,,,,,0,0
1326,,,,,,0,0
1327,,,,,,0,0
1328,,,,,,0,0
1329,,,,,,0,0
1330,,,,,,0,0
1331,,,,,,0,0
1332,,,,,,0,0
1333,,,,,,0,0
1334,,,,,,0,0
1335,,,,,,0,0
1336,,,,,,0,0
1337,,,,,,0,0
1338,,,,,,0,0
1339,,,,,,0,0
1340,,,,,,0,0
1341,,,,,,0,0
1342,,,,,,0,0
1343,,,,,,0,0
1344,,,,,,0,0
1345,,,,,,0,0
1346,,,,,,0,0
1347,,,,,,0,0
1348,,,,,,0,0
1349,,,,,,0,0
1350,,,,,,0,0
1351,,,,,,0,0
1352,,,,,,0,0
1353,,,,,,0,0
1354,,,,,,0,0
1355,,,,,,0,0
1356,,,,,,0,0
1357,,,,,,0,0
1358,,,,,,0,0
1359,,,,,,0,0
1360,,,,,,0,0
1361,,,,,,0,0
1362,,,,,,0,0
1363,,,,,,0,0
1364,,,,,,0,0
1365,,,,,,0,0
1366,,,,,,0,0
1367,,,,,,0,0
1368,,,,,,0,0
1369,,,,,,0,0
1370,,,,,,0,0
1371,,,,,,0,0
1372,,,,,,0,0
1373,,,,,,0,0
1374,,,,,,0,0
1375,,,,,,0,0
1376,,,,,,0,0
1377,,,,,,0,0
1378,,,,,,0,0
1379,,,,,,0,0
1380,,,,,,0,0
1381,,,,,,0,0
1382,,,,,,0,0
1383,,,,,,0,0
1384,,,,,,0,0
1385,,,,,,0,0
1386,,,,,,0,0
1387,,,,,,0,0
1388,,,,,,0,0
1389,,,,,,0,0
1390,,,,,,0,0
1391,,,,,,0,0
1392,,,,,,0,0
1393,,,,,,0,0
1394,,,,,,0,0
1395,,,,,,0,0
1396,,,,,,0,0
1397,,,,,,0,0
1398,,,,,,0,0
1399,,,,,,0,0
1400,,,,,,0,0
1401,,,,,,0,0
1402,,,,,,0,0
1403,,,,,,0,0
1404,,,,,,0,0
1405,,,,,,0,0
1406,,,,,,0,0
1407,,,,,,0,0
1408,,,,,,0,0
1409,,,,,,0,0
1410,,,,,,0,0
1411,,,,,,0,0
1412,,,,,,0,0
1413,,,,,,0,0
1414,,,,,,0,0
1415,,,,,,0,0
1416,,,,,,0,0
1417,,,,,,0,0
1418,,,,,,0,0
1419,,,,,,0,0
1420,,,,,,0,0
1421,,,,,,0,0
1422,,,,,,0,0
1423,,,,,,0,0
1424,,,,,,0,0
1425,,,,,,0,0
1426,,,,,,0,0
1427,,,,,,0,0
1428,,,,,,0,0
1429,,,,,,0,0
1430,,,,,,0,0
1431,,,,,,0,0
1432,,,,,,0,0
1433,,,,,,0,0
1434,,,,,,0,0
1435,,,,,,0,0
1436,,,,,,0,0
1437,,,,,,0,0
1438,,,,,,0,0
1439,,,,,,0,0
1440,,,,,,0,0
1441,,,,,,0,0
1442,,,,,,0,0
1443,,,,,,0,0
1444,,,,,,0,0
1445,,,,,,0,0
1446,,,,,,0,0
1447,,,,,,0,0
1448,,,,,,0,0
1449,,,,,,0,0
1450,,,,,,0,0
1451,,,,,,0,0
1452,,,,,,0,0
1453,,,,,,0,0
1454,,,,,,0,0
1455,,,,,,0,0
1456,,,,,,0,0
1457,,,,,,0,0
1458,,,,,,0,0
1459,,,,,,0,0
1460,,,,,,0,0
1461,,,,,,0,0
1462,,,,,,0,0
1463,,,,,,0,0
1464,,,,,,0,0
1465,,,,,,0,0
1466,,,,,,0,0
1467,,,,,,0,0
1468,,,,,,0,0
1469,,,,,,0,0
1470,,,,,,0,0
1471,,,,,,0,0
1472,,,,,,0,0
1473,,,,,,0,0
1474,,,,,,0,0
1475,,,,,,0,0
1476,,,,,,0,0
1477,,,,,,0,0
1478,,,,,,0,0
1479,,,,,,0,0
1480,,,,,,0,0
1481,,,,,,0,0
1482,,,,,,0,0
1483,,,,,,0,0
1484,,,,,,0,0
1485,,,,,,0,0
1486,,,,,,0,0
1487,,,,,,0,0
1488,,,,,,0,0
1489,,,,,,0,0
1490,,,,,,0,0
1491,,,,,,0,0
1492,,,,,,0,0
1493,,,,,,0,0
1494,,,,,,0,0
1495,,,,,,0,0
1496,,,,,,0,0
1497,,,,,,0,0
1498,,,,,,0,0
1499,,,,,,0,0
1500,,,,,,0,0
1501,,,,,,0,0
1502,,,,,,0,0
1503,,,,,,0,0
1504,,,,,,0,0
1505,,,,,,0,0
1506,,,,,,0,0
1507,,,,,,0,0
1508,,,,,,0,0
1509,,,,,,0,0
1510,,,,,,0,0
1511,,,,,,0,0
1512,,,,,,0,0
1513,,,,,,0,0
1514,,,,,,0,0
1515,,,,,,0,0
1516,,,,,,0,0
1517,,,,,,0,0
1518,,,,,,0,0
1519,,,,,,0,0
1520,,,,,,0,0
1521,,,,,,0,0
1522,,,,,,0,0
1523,,,,,,0,0
1524,,,,,,0,0
1525,,,,,,0,0
1526,,,,,,0,0
1527,,,,,,0,0
1528,,,,,,0,0
1529,,,,,,0,0
1530,,,,,,0,0
1531,,,,,,0,0
1532,,,,,,0,0
1533,,,,,,0,0
1534,,,,,,0,0
1535,,,,,,0,0
1536,,,,,,0,0
1537,,,,,,0,0
1538,,,,,,0,0
1539,,,,,,0,0
1540,,,,,,0,0
1541,,,,,,0,0
1542,,,,,,0,0
1543,,,,,,0,0
1544,,,,,,0,0
1545,,,,,,0,0
1546,,,,,,0,0
1547,,,,,,0,0
1548,,,,,,0,0
1549,,,,,,0,0
1550,,,,,,0,0
1551,,,,,,0,0
1552,,,,,,0,0
1553,,,,,,0,0
1554,,,,,,0,0
1555,,,,,,0,0
1556,,,,,,0,0
1557,,,,,,0,0
1558,,,,,,0,0
1559,,,,,,0,0
1560,,,,,,0,0
1561,,,,,,0,0
1562,,,,,,0,0
1563,,,,,,0,0
1564,,,,,,0,0
1565,,,,,,0,0
1566,,,,,,0,0
1567,,,,,,0,0
1568,,,,,,0,0
1569,,,,,,0,0
1570,,,,,,0,0
1571,,,,,,0,0
1572,,,,,,0,0
1573,,,,,,0,0
1574,,,,,,0,0
1575,,,,,,0,0
1576,,,,,,0,0
1577,,,,,,0,0
1578,,,,,,0,0
1579,,,,,,0,0
1580,,,,,,0,0
1581,,,,,,0,0
1582,,,,,,0,0
1583,,,,,,0,0
1584,,,,,,0,0
1585,,,,,,0,0
1586,,,,,,0,0
1587,,,,,,0,0
1588,,,,,,0,0
1589,,,,,,0,0
1590,,,,,,0,0
1591,,,,,,0,0
1592,,,,,,0,0
1593,,,,,,0,0
1594,,,,,,0,0
1595,,,,,,0,0
1596,,,,,,0,0
1597,,,,,,0,0
1598,,,,,,0,0
1599,,,,,,0,0
1600,,,,,,0,0
1601,,,,,,0,0
1602,,,,,,0,0
1603,,,,,,0,0
1604,,,,,,0,0
1605,,,,,,0,0
1606,,,,,,0,0
1607,,,,,,0,0
1608,,,,,,0,0
1609,,,,,,0,0
1610,,,,,,0,0
1611,,,,,,0,0
1612,,,,,,0,0
1613,,,,,,0,0
1614,,,,,,0,0
1615,,,,,,0,0
1616,,,,,,0,0
1617,,,,,,0,0
1618,,,,,,0,0
1619,,,,,,0,0
1620,,,,,,0,0
1621,,,,,,0,0
1622,,,,,,0,0
1623,,,,,,0,0
1624,,,,,,0,0
1625,,,,,,0,0
1626,,,,,,0,0
1627,,,,,,0,0
1628,,,,,,0,0
1629,,,,,,0,0
1630,,,,,,0,0
1631,,,,,,0,0
1632,,,,,,0,0
1633,,,,,,0,0
1634,,,,,,0,0
1635,,,,,,0,0
1636,,,,,,0,0
1637,,,,,,0,0
1638,,,,,,0,0
1639,,,,,,0,0
1640,,,,,,0,0
1641,,,,,,0,0
1642,,,,,,0,0
1643,,,,,,0,0
1644,,,,,,0,0
1645,,,,,,0,0
1646,,,,,,0,0
1647,,,,,,0,0
1648,,,,,,0,0
1649,,,,,,0,0
1650,,,,,,0,0
1651,,,,,,0,0
1652,,,,,,0,0
1653,,,,,,0,0
1654,,,,,,0,0
1655,,,,,,0,0
1656,,,,,,0,0
1657,,,,,,0,0
1658,,,,,,0,0
1659,,,,,,0,0
1660,,,,,,0,0
1661,,,,,,0,0
1662,,,,,,0,0
1663,,,,,,0,0
1664,,,,,,0,0
1665,,,,,,0,0
1666,,,,,,0,0
1667,,,,,,0,0
1668,,,,,,0,0
1669,,,,,,0,0
1670,,,,,,0,0
1671,,,,,,0,0
1672,,,,,,0,0
1673,,,,,,0,0
1674,,,,,,0,0
1675,,,,,,0,0
1676,,,,,,0,0
1677,,,,,,0,0
1678,,,,,,0,0
1679,,,,,,0,0
1680,,,,,,0,0
1681,,,,,,0,0
1682,,,,,,0,0
1683,,,,,,0,0
1684,,,,,,0,0
1685,,,,,,0,0
1686,,,,,,0,0
1687,,,,,,0,0
1688,,,,,,0,0
1689,,,,,,0,0
1690,,,,,,0,0
1691,,,,,,0,0
1692,,,,,,0,0
1693,,,,,,0,0
1694,,,,,,0,0
1695,,,,,,0,0
1696,,,,,,0,0
1697,,,,,,0,0
1698,,,,,,0,0
1699,,,,,,0,0
1700,,,,,,0,0
1701,,,,,,0,0
1702,,,,,,0,0
1703,,,,,,0,0
1704,,,,,,0,0
1705,,,,,,0,0
1706,,,,,,0,0
1707,,,,,,0,0
1708,,,,,,0,0
1709,,,,,,0,0
1710,,,,,,0,0
1711,,,,,,0,0
1712,,,,,,0,0
1713,,,,,,0,0
1714,,,,,,0,0
1715,,,,,,0,0
1716,,,,,,0,0
1717,,,,,,0,0
1718,,,,,,0,0
1719,,,,,,0,0
1720,,,,,,0,0
1721,,,,,,0,0
1722,,,,,,0,0
1723,,,,,,0,0
1724,,,,,,0,0
1725,,,,,,0,0
1726,,,,,,0,0
1727,,,,,,0,0
1728,,,,,,0,0
1729,,,,,,0,0
1730,,,,,,0,0
1731,,,,,,0,0
1732,,,,,,0,0
1733,,,,,,0,0
1734,,,,,,0,0
1735,,,,,,0,0
1736,,,,,,0,0
1737,,,,,,0,0
1738,,,,,,0,0
1739,,,,,,0,0
1740,,,,,,0,0
1741,,,,,,0,0
1742,,,,,,0,0
1743,,,,,,0,0
1744,,,,,,0,0
1745,,,,,,0,0
1746,,,,,,0,0
1747,,,,,,0,0
1748,,,,,,0,0
1749,,,,,,0,0
1750,,,,,,0,0
1751,,,,,,0,0
1752,,,,,,0,0
1753,,,,,,0,0
1754,,,,,,0,0
1755,,,,,,0,0
1756,,,,,,0,0
1757,,,,,,0,0
1758,,,,,,0,0
1759,,,,,,0,0
1760,,,,,,0,0
1761,,,,,,0,0
1762,,,,,,0,0
1763,,,,,,0,0
1764,,,,,,0,0
1765,,,,,,0,0
1766,,,,,,0,0
1767,,,,,,0,0
1768,,,,,,0,0
1769,,,,,,0,0
1770,,,,,,0,0
1771,,,,,,0,0
1772,,,,,,0,0
1773,,,,,,0,0
1774,,,,,,0,0
1775,,,,,,0,0
1776,,,,,,0,0
1777,,,,,,0,0
1778,,,,,,0,0
1779,,,,,,0,0
1780,,,,,,0,0
1781,,,,,,0,0
1782,,,,,,0,0
1783,,,,,,0,0
1784,,,,,,0,0
1785,,,,,,0,0
1786,,,,,,0,0
1787,,,,,,0,0
1788,,,,,,0,0
1789,,,,,,0,0
1790,,,,,,0,0
1791,,,,,,0,0
1792,,,,,,0,0
1793,,,,,,0,0
1794,,,,,,0,0
1795,,,,,,0,0
1796,,,,,,0,0
1797,,,,,,0,0
1798,,,,,,0,0
1799,,,,,,0,0
1800,,,,,,0,0
1801,,,,,,0,0
1802,,,,,,0,0
1803,,,,,,0,0
1804,,,,,,0,0
1805,,,,,,0,0
1806,,,,,,0,0
1807,,,,,,0,0
1808,,,,,,0,0
1809,,,,,,0,0
1810,,,,,,0,0
1811,,,,,,0,0
1812,,,,,,0,0
1813,,,,,,0,0
1814,,,,,,0,0
1815,,,,,,0,0
1816,,,,,,0,0
1817,,,,,,0,0
1818,,,,,,0,0
1819,,,,,,0,0
1820,,,,,,0,0
1821,,,,,,0,0
1822,,,,,,0,0
1823,,,,,,0,0
1824,,,,,,0,0
1825,,,,,,0,0
1826,,,,,,0,0
1827,,,,,,0,0
1828,,,,,,0,0
1829,,,,,,0,0
1830,,,,,,0,0
1831,,,,,,0,0
1832,,,,,,0,0
1833,,,,,,0,0
1834,,,,,,0,0
1835,,,,,,0,0
1836,,,,,,0,0
1837,,,,,,0,0
1838,,,,,,0,0
1839,,,,,,0,0
1840,,,,,,0,0
1841,,,,,,0,0
1842,,,,,,0,0
1843,,,,,,0,0
1844,,,,,,0,0
1845,,,,,,0,0
1846,,,,,,0,0
1847,,,,,,0,0
1848,,,,,,0,0
1849,,,,,,0,0
1850,,,,,,0,0
1851,,,,,,0,0
1852,,,,,,0,0
1853,,,,,,0,0
1854,,,,,,0,0
1855,,,,,,0,0
1856,,,,,,0,0
1857,,,,,,0,0
1858,,,,,,0,0
1859,,,,,,0,0
1860,,,,,,0,0
1861,,,,,,0,0
1862,,,,,,0,0
1863,,,,,,0,0
1864,,,,,,0,0
1865,,,,,,0,0
1866,,,,,,0,0
1867,,,,,,0,0
1868,,,,,,0,0
1869,,,,,,0,0
1870,,,,,,0,0
1871,,,,,,0,0
1872,,,,,,0,0
1873,,,,,,0,0
1874,,,,,,0,0
1875,,,,,,0,0
1876,,,,,,0,0
1877,,,,,,0,0
1878,,,,,,0,0
1879,,,,,,0,0
1880,,,,,,0,0
1881,,,,,,0,0
1882,,,,,,0,0
1883,,,,,,0,0
1884,,,,,,0,0
1885,,,,,,0,0
1886,,,,,,0,0
1887,,,,,,0,0
1888,,,,,,0,0
1889,,,,,,0,0
1890,,,,,,0,0
1891,,,,,,0,0
1892,,,,,,0,0
1893,,,,,,0,0
1894,,,,,,0,0
1895,,,,,,0,0
1896,,,,,,0,0
1897,,,,,,0,0
1898,,,,,,0,0
1899,,,,,,0,0
1900,,,,,,0,0
1901,,,,,,0,0
1902,,,,,,0,0
1903,,,,,,0,0
1904,,,,,,0,0
1905,,,,,,0,0
1906,,,,,,0,0
1907,,,,,,0,0
1908,,,,,,0,0
1909,,,,,,0,0
1910,,,,,,0,0
1911,,,,,,0,0
1912,,,,,,0,0
1913,,,,,,0,0
1914,,,,,,0,0
1915,,,,,,0,0
1916,,,,,,0,0
1917,,,,,,0,0
1918,,,,,,0,0
1919,,,,,,0,0
1920,,,,,,0,0
1921,,,,,,0,0
1922,,,,,,0,0
1923,,,,,,0,0
1924,,,,,,0,0
1925,,,,,,0,0
1926,,,,,,0,0
1927,,,,,,0,0
1928,,,,,,0,0
1929,,,,,,0,0
1930,,,,,,0,0
1931,,,,,,0,0
1932,,,,,,0,0
1933,,,,,,0,0
1934,,,,,,0,0
1935,,,,,,0,0
1936,,,,,,0,0
1937,,,,,,0,0
1938,,,,,,0,0
1939,,,,,,0,0
1940,,,,,,0,0
1941,,,,,,0,0
1942,,,,,,0,0
1943,,,,,,0,0
1944,,,,,,0,0
1945,,,,,,0,0
1946,,,,,,0,0
1947,,,,,,0,0
1948,,,,,,0,0
1949,,,,,,0,0
1950,,,,,,0,0
1951,,,,,,0,0
1952,,,,,,0,0
1953,,,,,,0,0
1954,,,,,,0,0
1955,,,,,,0,0
1956,,,,,,0,0
1957,,,,,,0,0
1958,,,,,,0,0
1959,,,,,,0,0
1960,,,,,,0,0
1961,,,,,,0,0
1962,,,,,,0,0
1963,,,,,,0,0
1964,,,,,,0,0
1965,,,,,,0,0
1966,,,,,,0,0
1967,,,,,,0,0
1968,,,,,,0,0
1969,,,,,,0,0
1970,,,,,,0,0
1971,,,,,,0,0
1972,,,,,,0,0
1973,,,,,,0,0
1974,,,,,,0,0
1975,,,,,,0,0
1976,,,,,,0,0
1977,,,,,,0,0
1978,,,,,,0,0
1979,,,,,,0,0
1980,,,,,,0,0
1981,,,,,,0,0
1982,,,,,,0,0
1983,,,,,,0,0
1984,,,,,,0,0
1985,,,,,,0,0
1986,,,,,,0,0
1987,,,,,,0,0
1988,,,,,,0,0
1989,,,,,,0,0
1990,,,,,,0,0
1991,,,,,,0,0
1992,,,,,,0,0
1993,,,,,,0,0
1994,,,,,,0,0
1995,,,,,,0,0
1996,,,,,,0,0
1997,,,,,,0,0
1998,,,,,,0,0
1999,,,,,,0,0
2000,,,,,,0,0
2001,,,,,,0,0
2002,,,,,,0,0
2003,,,,,,0,0
2004,,,,,,0,0
2005,,,,,,0,0
2006,,,,,,0,0
2007,,,,,,0,0
2008,,,,,,0,0
2009,,,,,,0,0
2010,,,,,,0,0
2011,,,,,,0,0
2012,,,,,,0,0
2013,,,,,,0,0
2014,,,,,,0,0
2015,,,,,,0,0
2016,,,,,,0,0
2017,,,,,,0,0
2018,,,,,,0,0
2019,,,,,,0,0
2020,,,,,,0,0
2021,,,,,,0,0
2022,,,,,,0,0
2023,,,,,,0,0
2024,,,,,,0,0
2025,,,,,,0,0
2026,,,,,,0,0
2027,,,,,,0,0
2028,,,,,,0,0
2029,,,,,,0,0
2030,,,,,,0,0
2031,,,,,,0,0
2032,,,,,,0,0
2033,,,,,,0,0
2034,,,,,,0,0
2035,,,,,,0,0
2036,,,,,,0,0
2037,,,,,,0,0
2038,,,,,,0,0
2039,,,,,,0,0
2040,,,,,,0,0
2041,,,,,,0,0
2042,,,,,,0,0
2043,,,,,,0,0
2044,,,,,,0,0
2045,,,,,,0,0
2046,,,,,,0,0
2047,,,,,,0,0
2048,,,,,,0,0
2049,,,,,,0,0
2050,,,,,,0,0
2051,,,,,,0,0
2052,,,,,,0,0
2053,,,,,,0,0
2054,,,,,,0,0
2055,,,,,,0,0
2056,,,,,,0,0
2057,,,,,,0,0
2058,,,,,,0,0
2059,,,,,,0,0
2060,,,,,,0,0
2061,,,,,,0,0
2062,,,,,,0,0
2063,,,,,,0,0
2064,,,,,,0,0
2065,,,,,,0,0
2066,,,,,,0,0
2067,,,,,,0,0
2068,,,,,,0,0
2069,,,,,,0,0
2070,,,,,,0,0
2071,,,,,,0,0
2072,,,,,,0,0
2073,,,,,,0,0
2074,,,,,,0,0
2075,,,,,,0,0
2076,,,,,,0,0
2077,,,,,,0,0
2078,,,,,,0,0
2079,,,,,,0,0
2080,,,,,,0,0
2081,,,,,,0,0
2082,,,,,,0,0
2083,,,,,,0,0
2084,,,,,,0,0
2085,,,,,,0,0
2086,,,,,,0,0
2087,,,,,,0,0
2088,,,,,,0,0
2089,,,,,,0,0
2090,,,,,,0,0
2091,,,,,,0,0
2092,,,,,,0,0
2093,,,,,,0,0
2094,,,,,,0,0
2095,,,,,,0,0
2096,,,,,,0,0
2097,,,,,,0,0
2098,,,,,,0,0
2099,,,,,,0,0
2100,,,,,,0,0
2101,,,,,,0,0
2102,,,,,,0,0
2103,,,,,,0,0
2104,,,,,,0,0
2105,,,,,,0,0
2106,,,,,,0,0
2107,,,,,,0,0
2108,,,,,,0,0
2109,,,,,,0,0
2110,,,,,,0,0
2111,,,,,,0,0
2112,,,,,,0,0
2113,,,,,,0,0
2114,,,,,,0,0
2115,,,,,,0,0
2116,,,,,,0,0
2117,,,,,,0,0
2118,,,,,,0,0
2119,,,,,,0,0
2120,,,,,,0,0
2121,,,,,,0,0
2122,,,,,,0,0
2123,,,,,,0,0
2124,,,,,,0,0
2125,,,,,,0,0
2126,,,,,,0,0
2127,,,,,,0,0
2128,,,,,,0,0
2129,,,,,,0,0
2130,,,,,,0,0
2131,,,,,,0,0
2132,,,,,,0,0
2133,,,,,,0,0
2134,,,,,,0,0
2135,,,,,,0,0
2136,,,,,,0,0
2137,,,,,,0,0
2138,,,,,,0,0
2139,,,,,,0,0
2140,,,,,,0,0
2141,,,,,,0,0
2142,,,,,,0,0
2143,,,,,,0,0
2144,,,,,,0,0
2145,,,,,,0,0
2146,,,,,,0,0
2147,,,,,,0,0
2148,,,,,,0,0
2149,,,,,,0,0
2150,,,,,,0,0
2151,,,,,,0,0
2152,,,,,,0,0
2153,,,,,,0,0
2154,,,,,,0,0
2155,,,,,,0,0
2156,,,,,,0,0
2157,,,,,,0,0
2158,,,,,,0,0
2159,,,,,,0,0
2160,,,,,,0,0
2161,,,,,,0,0
2162,,,,,,0,0
2163,,,,,,0,0
2164,,,,,,0,0
2165,,,,,,0,0
2166,,,,,,0,0
2167,,,,,,0,0
2168,,,,,,0,0
2169,,,,,,0,0
2170,,,,,,0,0
2171,,,,,,0,0
2172,,,,,,0,0
2173,,,,,,0,0
2174,,,,,,0,0
2175,,,,,,0,0
2176,,,,,,0,0
2177,,,,,,0,0
2178,,,,,,0,0
2179,,,,,,0,0
2180,,,,,,0,0
2181,,,,,,0,0
2182,,,,,,0,0
2183,,,,,,0,0
2184,,,,,,0,0
2185,,,,,,0,0
2186,,,,,,0,0
2187,,,,,,0,0
2188,,,,,,0,0
2189,,,,,,0,0
2190,,,,,,0,0
2191,,,,,,0,0
2192,,,,,,0,0
2193,,,,,,0,0
2194,,,,,,0,0
2195,,,,,,0,0
2196,,,,,,0,0
2197,,,,,,0,0
2198,,,,,,0,0
2199,,,,,,0,0
2200,,,,,,0,0
2201,,,,,,0,0
2202,,,,,,0,0
2203,,,,,,0,0
2204,,,,,,0,0
2205,,,,,,0,0
2206,,,,,,0,0
2207,,,,,,0,0
2208,,,,,,0,0
2209,,,,,,0,0
2210,,,,,,0,0
2211,,,,,,0,0
2212,,,,,,0,0
2213,,,,,,0,0
2214,,,,,,0,0
2215,,,,,,0,0
2216,,,,,,0,0
2217,,,,,,0,0
2218,,,,,,0,0
2219,,,,,,0,0
2220,,,,,,0,0
2221,,,,,,0,0
2222,,,,,,0,0
2223,,,,,,0,0
2224,,,,,,0,0
2225,,,,,,0,0
2226,,,,,,0,0
2227,,,,,,0,0
2228,,,,,,0,0
2229,,,,,,0,0
2230,,,,,,0,0
2231,,,,,,0,0
2232,,,,,,0,0
2233,,,,,,0,0
2234,,,,,,0,0
2235,,,,,,0,0
2236,,,,,,0,0
2237,,,,,,0,0
2238,,,,,,0,0
2239,,,,,,0,0
2240,,,,,,0,0
2241,,,,,,0,0
2242,,,,,,0,0
2243,,,,,,0,0
2244,,,,,,0,0
2245,,,,,,0,0
2246,,,,,,0,0
2247,,,,,,0,0
2248,,,,,,0,0
2249,,,,,,0,0
2250,,,,,,0,0
2251,,,,,,0,0
2252,,,,,,0,0
2253,,,,,,0,0
2254,,,,,,0,0
2255,,,,,,0,0
2256,,,,,,0,0
2257,,,,,,0,0
2258,,,,,,0,0
2259,,,,,,0,0
2260,,,,,,0,0
2261,,,,,,0,0
2262,,,,,,0,0
2263,,,,,,0,0
2264,,,,,,0,0
2265,,,,,,0,0
2266,,,,,,0,0
2267,,,,,,0,0
2268,,,,,,0,0
2269,,,,,,0,0
2270,,,,,,0,0
2271,,,,,,0,0
2272,,,,,,0,0
2273,,,,,,0,0
2274,,,,,,0,0
2275,,,,,,0,0
2276,,,,,,0,0
2277,,,,,,0,0
2278,,,,,,0,0
2279,,,,,,0,0
2280,,,,,,0,0
2281,,,,,,0,0
2282,,,,,,0,0
2283,,,,,,0,0
2284,,,,,,0,0
2285,,,,,,0,0
2286,,,,,,0,0
2287,,,,,,0,0
2288,,,,,,0,0
2289,,,,,,0,0
2290,,,,,,0,0
2291,,,,,,0,0
2292,,,,,,0,0
2293,,,,,,0,0
2294,,,,,,0,0
2295,,,,,,0,0
2296,,,,,,0,0
2297,,,,,,0,0
2298,,,,,,0,0
2299,,,,,,0,0
2300,,,,,,0,0
2301,,,,,,0,0
2302,,,,,,0,0
2303,,,,,,0,0
2304,,,,,,0,0
2305,,,,,,0,0
2306,,,,,,0,0
2307,,,,,,0,0
2308,,,,,,0,0
2309,,,,,,0,0
2310,,,,,,0,0
2311,,,,,,0,0
2312,,,,,,0,0
2313,,,,,,0,0
2314,,,,,,0,0
2315,,,,,,0,0
2316,,,,,,0,0
2317,,,,,,0,0
2318,,,,,,0,0
2319,,,,,,0,0
2320,,,,,,0,0
2321,,,,,,0,0
2322,,,,,,0,0
2323,,,,,,0,0
2324,,,,,,0,0
2325,,,,,,0,0
2326,,,,,,0,0
2327,,,,,,0,0
2328,,,,,,0,0
2329,,,,,,0,0
2330,,,,,,0,0
2331,,,,,,0,0
2332,,,,,,0,0
2333,,,,,,0,0
2334,,,,,,0,0
2335,,,,,,0,0
2336,,,,,,0,0
2337,,,,,,0,0
2338,,,,,,0,0
2339,,,,,,0,0
2340,,,,,,0,0
2341,,,,,,0,0
2342,,,,,,0,0
2343,,,,,,0,0
2344,,,,,,0,0
2345,,,,,,0,0
2346,,,,,,0,0
2347,,,,,,0,0
2348,,,,,,0,0
2349,,,,,,0,0
2350,,,,,,0,0
2351,,,,,,0,0
2352,,,,,,0,0
2353,,,,,,0,0
2354,,,,,,0,0
2355,,,,,,0,0
2356,,,,,,0,0
2357,,,,,,0,0
2358,,,,,,0,0
2359,,,,,,0,0
2360,,,,,,0,0
2361,,,,,,0,0
2362,,,,,,0,0
2363,,,,,,0,0
2364,,,,,,0,0
2365,,,,,,0,0
2366,,,,,,0,0
2367,,,,,,0,0
2368,,,,,,0,0
2369,,,,,,0,0
2370,,,,,,0,0
2371,,,,,,0,0
2372,,,,,,0,0
2373,,,,,,0,0
2374,,,,,,0,0
2375,,,,,,0,0
2376,,,,,,0,0
2377,,,,,,0,0
2378,,,,,,0,0
2379,,,,,,0,0
2380,,,,,,0,0
2381,,,,,,0,0
2382,,,,,,0,0
2383,,,,,,0,0
2384,,,,,,0,0
2385,,,,,,0,0
2386,,,,,,0,0
2387,,,,,,0,0
2388,,,,,,0,0
2389,,,,,,0,0
2390,,,,,,0,0
2391,,,,,,0,0
2392,,,,,,0,0
2393,,,,,,0,0
2394,,,,,,0,0
2395,,,,,,0,0
2396,,,,,,0,0
2397,,,,,,0,0
2398,,,,,,0,0
2399,,,,,,0,0
2400,,,,,,0,0
2401,,,,,,0,0
2402,,,,,,0,0
2403,,,,,,0,0
2404,,,,,,0,0
2405,,,,,,0,0
2406,,,,,,0,0
2407,,,,,,0,0
2408,,,,,,0,0
2409,,,,,,0,0
2410,,,,,,0,0
2411,,,,,,0,0
2412,,,,,,0,0
2413,,,,,,0,0
2414,,,,,,0,0
2415,,,,,,0,0
2416,,,,,,0,0
2417,,,,,,0,0
2418,,,,,,0,0
2419,,,,,,0,0
2420,,,,,,0,0
2421,,,,,,0,0
2422,,,,,,0,0
2423,,,,,,0,0
2424,,,,,,0,0
2425,,,,,,0,0
2426,,,,,,0,0
2427,,,,,,0,0
2428,,,,,,0,0
2429,,,,,,0,0
2430,,,,,,0,0
2431,,,,,,0,0
2432,,,,,,0,0
2433,,,,,,0,0
2434,,,,,,0,0
2435,,,,,,0,0
2436,,,,,,0,0
2437,,,,,,0,0
2438,,,,,,0,0
2439,,,,,,0,0
2440,,,,,,0,0
2441,,,,,,0,0
2442,,,,,,0,0
2443,,,,,,0,0
2444,,,,,,0,0
2445,,,,,,0,0
2446,,,,,,0,0
2447,,,,,,0,0
2448,,,,,,0,0
2449,,,,,,0,0
2450,,,,,,0,0
2451,,,,,,0,0
2452,,,,,,0,0
2453,,,,,,0,0
2454,,,,,,0,0
2455,,,,,,0,0
2456,,,,,,0,0
2457,,,,,,0,0
2458,,,,,,0,0
2459,,,,,,0,0
2460,,,,,,0,0
2461,,,,,,0,0
2462,,,,,,0,0
2463,,,,,,0,0
2464,,,,,,0,0
2465,,,,,,0,0
2466,,,,,,0,0
2467,,,,,,0,0
2468,,,,,,0,0
2469,,,,,,0,0
2470,,,,,,0,0
2471,,,,,,0,0
2472,,,,,,0,0
2473,,,,,,0,0
2474,,,,,,0,0
2475,,,,,,0,0
2476,,,,,,0,0
2477,,,,,,0,0
2478,,,,,,0,0
2479,,,,,,0,0
2480,,,,,,0,0
2481,,,,,,0,0
2482,,,,,,0,0
2483,,,,,,0,0
2484,,,,,,0,0
2485,,,,,,0,0
2486,,,,,,0,0
2487,,,,,,0,0
2488,,,,,,0,0
2489,,,,,,0,0
2490,,,,,,0,0
2491,,,,,,0,0
2492,,,,,,0,0
2493,,,,,,0,0
2494,,,,,,0,0
2495,,,,,,0,0
2496,,,,,,0,0
2497,,,,,,0,0
2498,,,,,,0,0
2499,,,,,,0,0
2500,,,,,,0,0
2501,,,,,,0,0
2502,,,,,,0,0
2503,,,,,,0,0
2504,,,,,,0,0
2505,,,,,,0,0
2506,,,,,,0,0
2507,,,,,,0,0
2508,,,,,,0,0
2509,,,,,,0,0
2510,,,,,,0,0
2511,,,,,,0,0
2512,,,,,,0,0
2513,,,,,,0,0
2514,,,,,,0,0
2515,,,,,,0,0
2516,,,,,,0,0
2517,,,,,,0,0
2518,,,,,,0,0
2519,,,,,,0,0
2520,,,,,,0,0
2521,,,,,,0,0
2522,,,,,,0,0
2523,,,,,,0,0
2524,,,,,,0,0
2525,,,,,,0,0
2526,,,,,,0,0
2527,,,,,,0,0
2528,,,,,,0,0
2529,,,,,,0,0
2530,,,,,,0,0
2531,,,,,,0,0
2532,,,,,,0,0
2533,,,,,,0,0
2534,,,,,,0,0
2535,,,,,,0,0
2536,,,,,,0,0
2537,,,,,,0,0
2538,,,,,,0,0
2539,,,,,,0,0
2540,,,,,,0,0
2541,,,,,,0,0
2542,,,,,,0,0
2543,,,,,,0,0
2544,,,,,,0,0
2545,,,,,,0,0
2546,,,,,,0,0
2547,,,,,,0,0
2548,,,,,,0,0
2549,,,,,,0,0
2550,,,,,,0,0
2551,,,,,,0,0
2552,,,,,,0,0
2553,,,,,,0,0
2554,,,,,,0,0
2555,,,,,,0,0
2556,,,,,,0,0
2557,,,,,,0,0
2558,,,,,,0,0
2559,,,,,,0,0
2560,,,,,,0,0
2561,,,,,,0,0
2562,,,,,,0,0
2563,,,,,,0,0
2564,,,,,,0,0
2565,,,,,,0,0
2566,,,,,,0,0
2567,,,,,,0,0
2568,,,,,,0,0
2569,,,,,,0,0
2570,,,,,,0,0
2571,,,,,,0,0
2572,,,,,,0,0
2573,,,,,,0,0
2574,,,,,,0,0
2575,,,,,,0,0
2576,,,,,,0,0
2577,,,,,,0,0
2578,,,,,,0,0
2579,,,,,,0,0
2580,,,,,,0,0
2581,,,,,,0,0
2582,,,,,,0,0
2583,,,,,,0,0
2584,,,,,,0,0
2585,,,,,,0,0
2586,,,,,,0,0
2587,,,,,,0,0
2588,,,,,,0,0
2589,,,,,,0,0
2590,,,,,,0,0
2591,,,,,,0,0
2592,,,,,,0,0
2593,,,,,,0,0
2594,,,,,,0,0
2595,,,,,,0,0
2596,,,,,,0,0
2597,,,,,,0,0
2598,,,,,,0,0
2599,,,,,,0,0
2600,,,,,,0,0
2601,,,,,,0,0
2602,,,,,,0,0
2603,,,,,,0,0
2604,,,,,,0,0
2605,,,,,,0,0
2606,,,,,,0,0
2607,,,,,,0,0
2608,,,,,,0,0
2609,,,,,,0,0
2610,,,,,,0,0
2611,,,,,,0,0
2612,,,,,,0,0
2613,,,,,,0,0
2614,,,,,,0,0
2615,,,,,,0,0
2616,,,,,,0,0
2617,,,,,,0,0
2618,,,,,,0,0
2619,,,,,,0,0
2620,,,,,,0,0
2621,,,,,,0,0
2622,,,,,,0,0
2623,,,,,,0,0
2624,,,,,,0,0
2625,,,,,,0,0
2626,,,,,,0,0
2627,,,,,,0,0
2628,,,,,,0,0
2629,,,,,,0,0
2630,,,,,,0,0
2631,,,,,,0,0
2632,,,,,,0,0
2633,,,,,,0,0
2634,,,,,,0,0
2635,,,,,,0,0
2636,,,,,,0,0
2637,,,,,,0,0
2638,,,,,,0,0
2639,,,,,,0,0
2640,,,,,,0,0
2641,,,,,,0,0
2642,,,,,,0,0
2643,,,,,,0,0
2644,,,,,,0,0
2645,,,,,,0,0
2646,,,,,,0,0
2647,,,,,,0,0
2648,,,,,,0,0
2649,,,,,,0,0
2650,,,,,,0,0
2651,,,,,,0,0
2652,,,,,,0,0
2653,,,,,,0,0
2654,,,,,,0,0
2655,,,,,,0,0
2656,,,,,,0,0
2657,,,,,,0,0
2658,,,,,,0,0
2659,,,,,,0,0
2660,,,,,,0,0
2661,,,,,,0,0
2662,,,,,,0,0
2663,,,,,,0,0
2664,,,,,,0,0
2665,,,,,,0,0
2666,,,,,,0,0
2667,,,,,,0,0
2668,,,,,,0,0
2669,,,,,,0,0
2670,,,,,,0,0
2671,,,,,,0,0
2672,,,,,,0,0
2673,,,,,,0,0
2674,,,,,,0,0
2675,,,,,,0,0
2676,,,,,,0,0
2677,,,,,,0,0
2678,,,,,,0,0
2679,,,,,,0,0
2680,,,,,,0,0
2681,,,,,,0,0
2682,,,,,,0,0
2683,,,,,,0,0
2684,,,,,,0,0
2685,,,,,,0,0
2686,,,,,,0,0
2687,,,,,,0,0
2688,,,,,,0,0
2689,,,,,,0,0
2690,,,,,,0,0
2691,,,,,,0,0
2692,,,,,,0,0
2693,,,,,,0,0
2694,,,,,,0,0
2695,,,,,,0,0
2696,,,,,,0,0
2697,,,,,,0,0
2698,,,,,,0,0
2699,,,,,,0,0
2700,,,,,,0,0
2701,,,,,,0,0
2702,,,,,,0,0
2703,,,,,,0,0
2704,,,,,,0,0
2705,,,,,,0,0
2706,,,,,,0,0
2707,,,,,,0,0
2708,,,,,,0,0
2709,,,,,,0,0
2710,,,,,,0,0
2711,,,,,,0,0
2712,,,,,,0,0
2713,,,,,,0,0
2714,,,,,,0,0
2715,,,,,,0,0
2716,,,,,,0,0
2717,,,,,,0,0
2718,,,,,,0,0
2719,,,,,,0,0
2720,,,,,,0,0
2721,,,,,,0,0
2722,,,,,,0,0
2723,,,,,,0,0
2724,,,,,,0,0
2725,,,,,,0,0
2726,,,,,,0,0
2727,,,,,,0,0
2728,,,,,,0,0
2729,,,,,,0,0
2730,,,,,,0,0
2731,,,,,,0,0
2732,,,,,,0,0
2733,,,,,,0,0
2734,,,,,,0,0
2735,,,,,,0,0
2736,,,,,,0,0
2737,,,,,,0,0
2738,,,,,,0,0
2739,,,,,,0,0
2740,,,,,,0,0
2741,,,,,,0,0
2742,,,,,,0,0
2743,,,,,,0,0
2744,,,,,,0,0
2745,,,,,,0,0
2746,,,,,,0,0
2747,,,,,,0,0
2748,,,,,,0,0
2749,,,,,,0,0
2750,,,,,,0,0
2751,,,,,,0,0
2752,,,,,,0,0
2753,,,,,,0,0
2754,,,,,,0,0
2755,,,,,,0,0
2756,,,,,,0,0
2757,,,,,,0,0
2758,,,,,,0,0
2759,,,,,,0,0
2760,,,,,,0,0
2761,,,,,,0,0
2762,,,,,,0,0
2763,,,,,,0,0
2764,,,,,,0,0
2765,,,,,,0,0
2766,,,,,,0,0
2767,,,,,,0,0
2768,,,,,,0,0
2769,,,,,,0,0
2770,,,,,,0,0
2771,,,,,,0,0
2772,,,,,,0,0
2773,,,,,,0,0
2774,,,,,,0,0
2775,,,,,,0,0
2776,,,,,,0,0
2777,,,,,,0,0
2778,,,,,,0,0
2779,,,,,,0,0
2780,,,,,,0,0
2781,,,,,,0,0
2782,,,,,,0,0
2783,,,,,,0,0
2784,,,,,,0,0
2785,,,,,,0,0
2786,,,,,,0,0
2787,,,,,,0,0
2788,,,,,,0,0
2789,,,,,,0,0
2790,,,,,,0,0
2791,,,,,,0,0
2792,,,,,,0,0
2793,,,,,,0,0
2794,,,,,,0,0
2795,,,,,,0,0
2796,,,,,,0,0
2797,,,,,,0,0
2798,,,,,,0,0
2799,,,,,,0,0
2800,,,,,,0,0
2801,,,,,,0,0
2802,,,,,,0,0
2803,,,,,,0,0
2804,,,,,,0,0
2805,,,,,,0,0
2806,,,,,,0,0
2807,,,,,,0,0
2808,,,,,,0,0
2809,,,,,,0,0
2810,,,,,,0,0
2811,,,,,,0,0
2812,,,,,,0,0
2813,,,,,,0,0
2814,,,,,,0,0
2815,,,,,,0,0
2816,,,,,,0,0
2817,,,,,,0,0
2818,,,,,,0,0
2819,,,,,,0,0
2820,,,,,,0,0
2821,,,,,,0,0
2822,,,,,,0,0
2823,,,,,,0,0
2824,,,,,,0,0
2825,,,,,,0,0
2826,,,,,,0,0
2827,,,,,,0,0
2828,,,,,,0,0
2829,,,,,,0,0
2830,,,,,,0,0
2831,,,,,,0,0
2832,,,,,,0,0
2833,,,,,,0,0
2834,,,,,,0,0
2835,,,,,,0,0
2836,,,,,,0,0
2837,,,,,,0,0
2838,,,,,,0,0
2839,,,,,,0,0
2840,,,,,,0,0
2841,,,,,,0,0
2842,,,,,,0,0
2843,,,,,,0,0
2844,,,,,,0,0
2845,,,,,,0,0
2846,,,,,,0,0
2847,,,,,,0,0
2848,,,,,,0,0
2849,,,,,,0,0
2850,,,,,,0,0
2851,,,,,,0,0
2852,,,,,,0,0
2853,,,,,,0,0
2854,,,,,,0,0
2855,,,,,,0,0
2856,,,,,,0,0
2857,,,,,,0,0
2858,,,,,,0,0
2859,,,,,,0,0
2860,,,,,,0,0
2861,,,,,,0,0
2862,,,,,,0,0
2863,,,,,,0,0
2864,,,,,,0,0
2865,,,,,,0,0
2866,,,,,,0,0
2867,,,,,,0,0
2868,,,,,,0,0
2869,,,,,,0,0
2870,,,,,,0,0
2871,,,,,,0,0
2872,,,,,,0,0
2873,,,,,,0,0
2874,,,,,,0,0
2875,,,,,,0,0
2876,,,,,,0,0
2877,,,,,,0,0
2878,,,,,,0,0
2879,,,,,,0,0
2880,,,,,,0,0
2881,,,,,,0,0
2882,,,,,,0,0
2883,,,,,,0,0
2884,,,,,,0,0
2885,,,,,,0,0
2886,,,,,,0,0
2887,,,,,,0,0
2888,,,,,,0,0
2889,,,,,,0,0
2890,,,,,,0,0
2891,,,,,,0,0
2892,,,,,,0,0
2893,,,,,,0,0
2894,,,,,,0,0
2895,,,,,,0,0
2896,,,,,,0,0
2897,,,,,,0,0
2898,,,,,,0,0
2899,,,,,,0,0
2900,,,,,,0,0
2901,,,,,,0,0
2902,,,,,,0,0
2903,,,,,,0,0
2904,,,,,,0,0
2905,,,,,,0,0
2906,,,,,,0,0
2907,,,,,,0,0
2908,,,,,,0,0
2909,,,,,,0,0
2910,,,,,,0,0
2911,,,,,,0,0
2912,,,,,,0,0
2913,,,,,,0,0
2914,,,,,,0,0
2915,,,,,,0,0
2916,,,,,,0,0
2917,,,,,,0,0
2918,,,,,,0,0
2919,,,,,,0,0
2920,,,,,,0,0
2921,,,,,,0,0
2922,,,,,,0,0
2923,,,,,,0,0
2924,,,,,,0,0
2925,,,,,,0,0
2926,,,,,,0,0
2927,,,,,,0,0
2928,,,,,,0,0
2929,,,,,,0,0
2930,,,,,,0,0
2931,,,,,,0,0
2932,,,,,,0,0
2933,,,,,,0,0
2934,,,,,,0,0
2935,,,,,,0,0
2936,,,,,,0,0
2937,,,,,,0,0
2938,,,,,,0,0
2939,,,,,,0,0
2940,,,,,,0,0
2941,,,,,,0,0
2942,,,,,,0,0
2943,,,,,,0,0
2944,,,,,,0,0
2945,,,,,,0,0
2946,,,,,,0,0
2947,,,,,,0,0
2948,,,,,,0,0
2949,,,,,,0,0
2950,,,,,,0,0
2951,,,,,,0,0
2952,,,,,,0,0
2953,,,,,,0,0
2954,,,,,,0,0
2955,,,,,,0,0
2956,,,,,,0,0
2957,,,,,,0,0
2958,,,,,,0,0
2959,,,,,,0,0
2960,,,,,,0,0
2961,,,,,,0,0
2962,,,,,,0,0
2963,,,,,,0,0
2964,,,,,,0,0
2965,,,,,,0,0
2966,,,,,,0,0
2967,,,,,,0,0
2968,,,,,,0,0
2969,,,,,,0,0
2970,,,,,,0,0
2971,,,,,,0,0
2972,,,,,,0,0
2973,,,,,,0,0
2974,,,,,,0,0
2975,,,,,,0,0
2976,,,,,,0,0
2977,,,,,,0,0
2978,,,,,,0,0
2979,,,,,,0,0
2980,,,,,,0,0
2981,,,,,,0,0
2982,,,,,,0,0
2983,,,,,,0,0
2984,,,,,,0,0
2985,,,,,,0,0
2986,,,,,,0,0
2987,,,,,,0,0
2988,,,,,,0,0
2989,,,,,,0,0
2990,,,,,,0,0
2991,,,,,,0,0
2992,,,,,,0,0
2993,,,,,,0,0
2994,,,,,,0,0
2995,,,,,,0,0
2996,,,,,,0,0
2997,,,,,,0,0
2998,,,,,,0,0
2999,,,,,,0,0
3000,,,,,,0,0
3001,,,,,,0,0
3002,,,,,,0,0
3003,,,,,,0,0
3004,,,,,,0,0
3005,,,,,,0,0
3006,,,,,,0,0
3007,,,,,,0,0
3008,,,,,,0,0
3009,,,,,,0,0
3010,,,,,,0,0
3011,,,,,,0,0
3012,,,,,,0,0
3013,,,,,,0,0
3014,,,,,,0,0
3015,,,,,,0,0
3016,,,,,,0,0
3017,,,,,,0,0
3018,,,,,,0,0
3019,,,,,,0,0
3020,,,,,,0,0
3021,,,,,,0,0
3022,,,,,,0,0
3023,,,,,,0,0
3024,,,,,,0,0
3025,,,,,,0,0
3026,,,,,,0,0
3027,,,,,,0,0
3028,,,,,,0,0
3029,,,,,,0,0
3030,,,,,,0,0
3031,,,,,,0,0
3032,,,,,,0,0
3033,,,,,,0,0
3034,,,,,,0,0
3035,,,,,,0,0
3036,,,,,,0,0
3037,,,,,,0,0
3038,,,,,,0,0
3039,,,,,,0,0
3040,,,,,,0,0
3041,,,,,,0,0
3042,,,,,,0,0
3043,,,,,,0,0
3044,,,,,,0,0
3045,,,,,,0,0
3046,,,,,,0,0
3047,,,,,,0,0
3048,,,,,,0,0
3049,,,,,,0,0
3050,,,,,,0,0
3051,,,,,,0,0
3052,,,,,,0,0
3053,,,,,,0,0
3054,,,,,,0,0
3055,,,,,,0,0
3056,,,,,,0,0
3057,,,,,,0,0
3058,,,,,,0,0
3059,,,,,,0,0
3060,,,,,,0,0
3061,,,,,,0,0
3062,,,,,,0,0
3063,,,,,,0,0
3064,,,,,,0,0
3065,,,,,,0,0
3066,,,,,,0,0
3067,,,,,,0,0
3068,,,,,,0,0
3069,,,,,,0,0
3070,,,,,,0,0
3071,,,,,,0,0
3072,,,,,,0,0
3073,,,,,,0,0
3074,,,,,,0,0
3075,,,,,,0,0
3076,,,,,,0,0
3077,,,,,,0,0
3078,,,,,,0,0
3079,,,,,,0,0
3080,,,,,,0,0
3081,,,,,,0,0
3082,,,,,,0,0
3083,,,,,,0,0
3084,,,,,,0,0
3085,,,,,,0,0
3086,,,,,,0,0
3087,,,,,,0,0
3088,,,,,,0,0
3089,,,,,,0,0
3090,,,,,,0,0
3091,,,,,,0,0
3092,,,,,,0,0
3093,,,,,,0,0
3094,,,,,,0,0
3095,,,,,,0,0
3096,,,,,,0,0
3097,,,,,,0,0
3098,,,,,,0,0
3099,,,,,,0,0
3100,,,,,,0,0
3101,,,,,,0,0
3102,,,,,,0,0
3103,,,,,,0,0
3104,,,,,,0,0
3105,,,,,,0,0
3106,,,,,,0,0
3107,,,,,,0,0
3108,,,,,,0,0
3109,,,,,,0,0
3110,,,,,,0,0
3111,,,,,,0,0
3112,,,,,,0,0
3113,,,,,,0,0
3114,,,,,,0,0
3115,,,,,,0,0
3116,,,,,,0,0
3117,,,,,,0,0
3118,,,,,,0,0
3119,,,,,,0,0
3120,,,,,,0,0
3121,,,,,,0,0
3122,,,,,,0,0
3123,,,,,,0,0
3124,,,,,,0,0
3125,,,,,,0,0
3126,,,,,,0,0
3127,,,,,,0,0
3128,,,,,,0,0
3129,,,,,,0,0
3130,,,,,,0,0
3131,,,,,,0,0
3132,,,,,,0,0
3133,,,,,,0,0
3134,,,,,,0,0
3135,,,,,,0,0
3136,,,,,,0,0
3137,,,,,,0,0
3138,,,,,,0,0
3139,,,,,,0,0
3140,,,,,,0,0
3141,,,,,,0,0
3142,,,,,,0,0
3143,,,,,,0,0
3144,,,,,,0,0
3145,,,,,,0,0
3146,,,,,,0,0
3147,,,,,,0,0
3148,,,,,,0,0
3149,,,,,,0,0
3150,,,,,,0,0
3151,,,,,,0,0
3152,,,,,,0,0
3153,,,,,,0,0
3154,,,,,,0,0
3155,,,,,,0,0
3156,,,,,,0,0
3157,,,,,,0,0
3158,,,,,,0,0
3159,,,,,,0,0
3160,,,,,,0,0
3161,,,,,,0,0
3162,,,,,,0,0
3163,,,,,,0,0
3164,,,,,,0,0
3165,,,,,,0,0
3166,,,,,,0,0
3167,,,,,,0,0
3168,,,,,,0,0
3169,,,,,,0,0
3170,,,,,,0,0
3171,,,,,,0,0
3172,,,,,,0,0
3173,,,,,,0,0
3174,,,,,,0,0
3175,,,,,,0,0
3176,,,,,,0,0
3177,,,,,,0,0
3178,,,,,,0,0
3179,,,,,,0,0
3180,,,,,,0,0
3181,,,,,,0,0
3182,,,,,,0,0
3183,,,,,,0,0
3184,,,,,,0,0
3185,,,,,,0,0
3186,,,,,,0,0
3187,,,,,,0,0
3188,,,,,,0,0
3189,,,,,,0,0
3190,,,,,,0,0
3191,,,,,,0,0
3192,,,,,,0,0
3193,,,,,,0,0
3194,,,,,,0,0
3195,,,,,,0,0
3196,,,,,,0,0
3197,,,,,,0,0
3198,,,,,,0,0
3199,,,,,,0,0
3200,,,,,,0,0
3201,,,,,,0,0
3202,,,,,,0,0
3203,,,,,,0,0
3204,,,,,,0,0
3205,,,,,,0,0
3206,,,,,,0,0
3207,,,,,,0,0
3208,,,,,,0,0
3209,,,,,,0,0
3210,,,,,,0,0
3211,,,,,,0,0
3212,,,,,,0,0
3213,,,,,,0,0
3214,,,,,,0,0
3215,,,,,,0,0
3216,,,,,,0,0
3217,,,,,,0,0
3218,,,,,,0,0
3219,,,,,,0,0
3220,,,,,,0,0
3221,,,,,,0,0
3222,,,,,,0,0
3223,,,,,,0,0
3224,,,,,,0,0
3225,,,,,,0,0
3226,,,,,,0,0
3227,,,,,,0,0
3228,,,,,,0,0
3229,,,,,,0,0
3230,,,,,,0,0
3231,,,,,,0,0
3232,,,,,,0,0
3233,,,,,,0,0
3234,,,,,,0,0
3235,,,,,,0,0
3236,,,,,,0,0
3237,,,,,,0,0
3238,,,,,,0,0
3239,,,,,,0,0
3240,,,,,,0,0
3241,,,,,,0,0
3242,,,,,,0,0
3243,,,,,,0,0
3244,,,,,,0,0
3245,,,,,,0,0
3246,,,,,,0,0
3247,,,,,,0,0
3248,,,,,,0,0
3249,,,,,,0,0
3250,,,,,,0,0
3251,,,,,,0,0
3252,,,,,,0,0
3253,,,,,,0,0
3254,,,,,,0,0
3255,,,,,,0,0
3256,,,,,,0,0
3257,,,,,,0,0
3258,,,,,,0,0
3259,,,,,,0,0
3260,,,,,,0,0
3261,,,,,,0,0
3262,,,,,,0,0
3263,,,,,,0,0
3264,,,,,,0,0
3265,,,,,,0,0
3266,,,,,,0,0
3267,,,,,,0,0
3268,,,,,,0,0
3269,,,,,,0,0
3270,,,,,,0,0
3271,,,,,,0,0
3272,,,,,,0,0
3273,,,,,,0,0
3274,,,,,,0,0
3275,,,,,,0,0
3276,,,,,,0,0
3277,,,,,,0,0
3278,,,,,,0,0
3279,,,,,,0,0
3280,,,,,,0,0
3281,,,,,,0,0
3282,,,,,,0,0
3283,,,,,,0,0
3284,,,,,,0,0
3285,,,,,,0,0
3286,,,,,,0,0
3287,,,,,,0,0
3288,,,,,,0,0
3289,,,,,,0,0
3290,,,,,,0,0
3291,,,,,,0,0
3292,,,,,,0,0
3293,,,,,,0,0
3294,,,,,,0,0
3295,,,,,,0,0
3296,,,,,,0,0
3297,,,,,,0,0
3298,,,,,,0,0
3299,,,,,,0,0
3300,,,,,,0,0
3301,,,,,,0,0
3302,,,,,,0,0
3303,,,,,,0,0
3304,,,,,,0,0
3305,,,,,,0,0
3306,,,,,,0,0
3307,,,,,,0,0
3308,,,,,,0,0
3309,,,,,,0,0
3310,,,,,,0,0
3311,,,,,,0,0
3312,,,,,,0,0
3313,,,,,,0,0
3314,,,,,,0,0
3315,,,,,,0,0
3316,,,,,,0,0
3317,,,,,,0,0
3318,,,,,,0,0
3319,,,,,,0,0
3320,,,,,,0,0
3321,,,,,,0,0
3322,,,,,,0,0
3323,,,,,,0,0
3324,,,,,,0,0
3325,,,,,,0,0
3326,,,,,,0,0
3327,,,,,,0,0
3328,,,,,,0,0
3329,,,,,,0,0
3330,,,,,,0,0
3331,,,,,,0,0
3332,,,,,,0,0
3333,,,,,,0,0
3334,,,,,,0,0
3335,,,,,,0,0
3336,,,,,,0,0
3337,,,,,,0,0
3338,,,,,,0,0
3339,,,,,,0,0
3340,,,,,,0,0
3341,,,,,,0,0
3342,,,,,,0,0
3343,,,,,,0,0
3344,,,,,,0,0
3345,,,,,,0,0
3346,,,,,,0,0
3347,,,,,,0,0
3348,,,,,,0,0
3349,,,,,,0,0
3350,,,,,,0,0
3351,,,,,,0,0
3352,,,,,,0,0
3353,,,,,,0,0
3354,,,,,,0,0
3355,,,,,,0,0
3356,,,,,,0,0
3357,,,,,,0,0
3358,,,,,,0,0
3359,,,,,,0,0
3360,,,,,,0,0
3361,,,,,,0,0
3362,,,,,,0,0
3363,,,,,,0,0
3364,,,,,,0,0
3365,,,,,,0,0
3366,,,,,,0,0
3367,,,,,,0,0
3368,,,,,,0,0
3369,,,,,,0,0
3370,,,,,,0,0
3371,,,,,,0,0
3372,,,,,,0,0
3373,,,,,,0,0
3374,,,,,,0,0
3375,,,,,,0,0
3376,,,,,,0,0
3377,,,,,,0,0
3378,,,,,,0,0
3379,,,,,,0,0
3380,,,,,,0,0
3381,,,,,,0,0
3382,,,,,,0,0
3383,,,,,,0,0
3384,,,,,,0,0
3385,,,,,,0,0
3386,,,,,,0,0
3387,,,,,,0,0
3388,,,,,,0,0
3389,,,,,,0,0
3390,,,,,,0,0
3391,,,,,,0,0
3392,,,,,,0,0
3393,,,,,,0,0
3394,,,,,,0,0
3395,,,,,,0,0
3396,,,,,,0,0
3397,,,,,,0,0
3398,,,,,,0,0
3399,,,,,,0,0
3400,,,,,,0,0
3401,,,,,,0,0
3402,,,,,,0,0
3403,,,,,,0,0
3404,,,,,,0,0
3405,,,,,,0,0
3406,,,,,,0,0
3407,,,,,,0,0
3408,,,,,,0,0
3409,,,,,,0,0
3410,,,,,,0,0
3411,,,,,,0,0
3412,,,,,,0,0
3413,,,,,,0,0
3414,,,,,,0,0
3415,,,,,,0,0
3416,,,,,,0,0
3417,,,,,,0,0
3418,,,,,,0,0
3419,,,,,,0,0
3420,,,,,,0,0
3421,,,,,,0,0
3422,,,,,,0,0
3423,,,,,,0,0
3424,,,,,,0,0
3425,,,,,,0,0
3426,,,,,,0,0
3427,,,,,,0,0
3428,,,,,,0,0
3429,,,,,,0,0
3430,,,,,,0,0
3431,,,,,,0,0
3432,,,,,,0,0
3433,,,,,,0,0
3434,,,,,,0,0
3435,,,,,,0,0
3436,,,,,,0,0
3437,,,,,,0,0
3438,,,,,,0,0
3439,,,,,,0,0
3440,,,,,,0,0
3441,,,,,,0,0
3442,,,,,,0,0
3443,,,,,,0,0
3444,,,,,,0,0
3445,,,,,,0,0
3446,,,,,,0,0
3447,,,,,,0,0
3448,,,,,,0,0
3449,,,,,,0,0
3450,,,,,,0,0
3451,,,,,,0,0
3452,,,,,,0,0
3453,,,,,,0,0
3454,,,,,,0,0
3455,,,,,,0,0
3456,,,,,,0,0
3457,,,,,,0,0
3458,,,,,,0,0
3459,,,,,,0,0
3460,,,,,,0,0
3461,,,,,,0,0
3462,,,,,,0,0
3463,,,,,,0,0
3464,,,,,,0,0
3465,,,,,,0,0
3466,,,,,,0,0
3467,,,,,,0,0
3468,,,,,,0,0
3469,,,,,,0,0
3470,,,,,,0,0
3471,,,,,,0,0
3472,,,,,,0,0
3473,,,,,,0,0
3474,,,,,,0,0
3475,,,,,,0,0
3476,,,,,,0,0
3477,,,,,,0,0
3478,,,,,,0,0
3479,,,,,,0,0
3480,,,,,,0,0
3481,,,,,,0,0
3482,,,,,,0,0
3483,,,,,,0,0
3484,,,,,,0,0
3485,,,,,,0,0
3486,,,,,,0,0
3487,,,,,,0,0
3488,,,,,,0,0
3489,,,,,,0,0
3490,,,,,,0,0
3491,,,,,,0,0
3492,,,,,,0,0
3493,,,,,,0,0
3494,,,,,,0,0
3495,,,,,,0,0
3496,,,,,,0,0
3497,,,,,,0,0
3498,,,,,,0,0
3499,,,,,,0,0
3500,,,,,,0,0
3501,,,,,,0,0
3502,,,,,,0,0
3503,,,,,,0,0
3504,,,,,,0,0
3505,,,,,,0,0
3506,,,,,,0,0
3507,,,,,,0,0
3508,,,,,,0,0
3509,,,,,,0,0
3510,,,,,,0,0
3511,,,,,,0,0
3512,,,,,,0,0
3513,,,,,,0,0
3514,,,,,,0,0
3515,,,,,,0,0
3516,,,,,,0,0
3517,,,,,,0,0
3518,,,,,,0,0
3519,,,,,,0,0
3520,,,,,,0,0
3521,,,,,,0,0
3522,,,,,,0,0
3523,,,,,,0,0
3524,,,,,,0,0
3525,,,,,,0,0
3526,,,,,,0,0
3527,,,,,,0,0
3528,,,,,,0,0
3529,,,,,,0,0
3530,,,,,,0,0
3531,,,,,,0,0
3532,,,,,,0,0
3533,,,,,,0,0
3534,,,,,,0,0
3535,,,,,,0,0
3536,,,,,,0,0
3537,,,,,,0,0
3538,,,,,,0,0
3539,,,,,,0,0
3540,,,,,,0,0
3541,,,,,,0,0
3542,,,,,,0,0
3543,,,,,,0,0
3544,,,,,,0,0
3545,,,,,,0,0
3546,,,,,,0,0
3547,,,,,,0,0
3548,,,,,,0,0
3549,,,,,,0,0
3550,,,,,,0,0
3551,,,,,,0,0
3552,,,,,,0,0
3553,,,,,,0,0
3554,,,,,,0,0
3555,,,,,,0,0
3556,,,,,,0,0
3557,,,,,,0,0
3558,,,,,,0,0
3559,,,,,,0,0
3560,,,,,,0,0
3561,,,,,,0,0
3562,,,,,,0,0
3563,,,,,,0,0
3564,,,,,,0,0
3565,,,,,,0,0
3566,,,,,,0,0
3567,,,,,,0,0
3568,,,,,,0,0
3569,,,,,,0,0
3570,,,,,,0,0
3571,,,,,,0,0
3572,,,,,,0,0
3573,,,,,,0,0
3574,,,,,,0,0
3575,,,,,,0,0
3576,,,,,,0,0
3577,,,,,,0,0
3578,,,,,,0,0
3579,,,,,,0,0
3580,,,,,,0,0
3581,,,,,,0,0
3582,,,,,,0,0
3583,,,,,,0,0
3584,,,,,,0,0
3585,,,,,,0,0
3586,,,,,,0,0
3587,,,,,,0,0
3588,,,,,,0,0
3589,,,,,,0,0
3590,,,,,,0,0
3591,,,,,,0,0
3592,,,,,,0,0
3593,,,,,,0,0
3594,,,,,,0,0
3595,,,,,,0,0
3596,,,,,,0,0
3597,,,,,,0,0
3598,,,,,,0,0
3599,,,,,,0,0
3600,,,,,,0,0
3601,,,,,,0,0
3602,,,,,,0,0
3603,,,,,,0,0
3604,,,,,,0,0
3605,,,,,,0,0
3606,,,,,,0,0
3607,,,,,,0,0
3608,,,,,,0,0
3609,,,,,,0,0
3610,,,,,,0,0
3611,,,,,,0,0
3612,,,,,,0,0
3613,,,,,,0,0
3614,,,,,,0,0
3615,,,,,,0,0
3616,,,,,,0,0
3617,,,,,,0,0
3618,,,,,,0,0
3619,,,,,,0,0
3620,,,,,,0,0
3621,,,,,,0,0
3622,,,,,,0,0
3623,,,,,,0,0
3624,,,,,,0,0
3625,,,,,,0,0
3626,,,,,,0,0
3627,,,,,,0,0
3628,,,,,,0,0
3629,,,,,,0,0
3630,,,,,,0,0
3631,,,,,,0,0
3632,,,,,,0,0
3633,,,,,,0,0
3634,,,,,,0,0
3635,,,,,,0,0
3636,,,,,,0,0
3637,,,,,,0,0
3638,,,,,,0,0
3639,,,,,,0,0
3640,,,,,,0,0
3641,,,,,,0,0
3642,,,,,,0,0
3643,,,,,,0,0
3644,,,,,,0,0
3645,,,,,,0,0
3646,,,,,,0,0
3647,,,,,,0,0
3648,,,,,,0,0
3649,,,,,,0,0
3650,,,,,,0,0
3651,,,,,,0,0
3652,,,,,,0,0
3653,,,,,,0,0
3654,,,,,,0,0
3655,,,,,,0,0
3656,,,,,,0,0
3657,,,,,,0,0
3658,,,,,,0,0
3659,,,,,,0,0
3660,,,,,,0,0
3661,,,,,,0,0
3662,,,,,,0,0
3663,,,,,,0,0
3664,,,,,,0,0
3665,,,,,,0,0
3666,,,,,,0,0
3667,,,,,,0,0
3668,,,,,,0,0
3669,,,,,,0,0
3670,,,,,,0,0
3671,,,,,,0,0
3672,,,,,,0,0
3673,,,,,,0,0
3674,,,,,,0,0
3675,,,,,,0,0
3676,,,,,,0,0
3677,,,,,,0,0
3678,,,,,,0,0
3679,,,,,,0,0
3680,,,,,,0,0
3681,,,,,,0,0
3682,,,,,,0,0
3683,,,,,,0,0
3684,,,,,,0,0
3685,,,,,,0,0
3686,,,,,,0,0
3687,,,,,,0,0
3688,,,,,,0,0
3689,,,,,,0,0
3690,,,,,,0,0
3691,,,,,,0,0
3692,,,,,,0,0
3693,,,,,,0,0
3694,,,,,,0,0
3695,,,,,,0,0
3696,,,,,,0,0
3697,,,,,,0,0
3698,,,,,,0,0
3699,,,,,,0,0
3700,,,,,,0,0
3701,,,,,,0,0
3702,,,,,,0,0
3703,,,,,,0,0
3704,,,,,,0,0
3705,,,,,,0,0
3706,,,,,,0,0
3707,,,,,,0,0
3708,,,,,,0,0
3709,,,,,,0,0
3710,,,,,,0,0
3711,,,,,,0,0
3712,,,,,,0,0
3713,,,,,,0,0
3714,,,,,,0,0
3715,,,,,,0,0
3716,,,,,,0,0
3717,,,,,,0,0
3718,,,,,,0,0
3719,,,,,,0,0
3720,,,,,,0,0
3721,,,,,,0,0
3722,,,,,,0,0
3723,,,,,,0,0
3724,,,,,,0,0
3725,,,,,,0,0
3726,,,,,,0,0
3727,,,,,,0,0
3728,,,,,,0,0
3729,,,,,,0,0
3730,,,,,,0,0
3731,,,,,,0,0
3732,,,,,,0,0
3733,,,,,,0,0
3734,,,,,,0,0
3735,,,,,,0,0
3736,,,,,,0,0
3737,,,,,,0,0
3738,,,,,,0,0
3739,,,,,,0,0
3740,,,,,,0,0
3741,,,,,,0,0
3742,,,,,,0,0
3743,,,,,,0,0
3744,,,,,,0,0
3745,,,,,,0,0
3746,,,,,,0,0
3747,,,,,,0,0
3748,,,,,,0,0
3749,,,,,,0,0
3750,,,,,,0,0
3751,,,,,,0,0
3752,,,,,,0,0
3753,,,,,,0,0
3754,,,,,,0,0
3755,,,,,,0,0
3756,,,,,,0,0
3757,,,,,,0,0
3758,,,,,,0,0
3759,,,,,,0,0
3760,,,,,,0,0
3761,,,,,,0,0
3762,,,,,,0,0
3763,,,,,,0,0
3764,,,,,,0,0
3765,,,,,,0,0
3766,,,,,,0,0
3767,,,,,,0,0
3768,,,,,,0,0
3769,,,,,,0,0
3770,,,,,,0,0
3771,,,,,,0,0
3772,,,,,,0,0
3773,,,,,,0,0
3774,,,,,,0,0
3775,,,,,,0,0
3776,,,,,,0,0
3777,,,,,,0,0
3778,,,,,,0,0
3779,,,,,,0,0
3780,,,,,,0,0
3781,,,,,,0,0
3782,,,,,,0,0
3783,,,,,,0,0
3784,,,,,,0,0
3785,,,,,,0,0
3786,,,,,,0,0
3787,,,,,,0,0
3788,,,,,,0,0
3789,,,,,,0,0
3790,,,,,,0,0
3791,,,,,,0,0
3792,,,,,,0,0
3793,,,,,,0,0
3794,,,,,,0,0
3795,,,,,,0,0
3796,,,,,,0,0
3797,,,,,,0,0
3798,,,,,,0,0
3799,,,,,,0,0
3800,,,,,,0,0
3801,,,,,,0,0
3802,,,,,,0,0
3803,,,,,,0,0
3804,,,,,,0,0
3805,,,,,,0,0
3806,,,,,,0,0
3807,,,,,,0,0
3808,,,,,,0,0
3809,,,,,,0,0
3810,,,,,,0,0
3811,,,,,,0,0
3812,,,,,,0,0
3813,,,,,,0,0
3814,,,,,,0,0
3815,,,,,,0,0
3816,,,,,,0,0
3817,,,,,,0,0
3818,,,,,,0,0
3819,,,,,,0,0
3820,,,,,,0,0
3821,,,,,,0,0
3822,,,,,,0,0
3823,,,,,,0,0
3824,,,,,,0,0
3825,,,,,,0,0
3826,,,,,,0,0
3827,,,,,,0,0
3828,,,,,,0,0
3829,,,,,,0,0
3830,,,,,,0,0
3831,,,,,,0,0
3832,,,,,,0,0
3833,,,,,,0,0
3834,,,,,,0,0
3835,,,,,,0,0
3836,,,,,,0,0
3837,,,,,,0,0
3838,,,,,,0,0
3839,,,,,,0,0
3840,,,,,,0,0
3841,,,,,,0,0
3842,,,,,,0,0
3843,,,,,,0,0
3844,,,,,,0,0
3845,,,,,,0,0
3846,,,,,,0,0
3847,,,,,,0,0
3848,,,,,,0,0
3849,,,,,,0,0
3850,,,,,,0,0
3851,,,,,,0,0
3852,,,,,,0,0
3853,,,,,,0,0
3854,,,,,,0,0
3855,,,,,,0,0
3856,,,,,,0,0
3857,,,,,,0,0
3858,,,,,,0,0
3859,,,,,,0,0
3860,,,,,,0,0
3861,,,,,,0,0
3862,,,,,,0,0
3863,,,,,,0,0
3864,,,,,,0,0
3865,,,,,,0,0
3866,,,,,,0,0
3867,,,,,,0,0
3868,,,,,,0,0
3869,,,,,,0,0
3870,,,,,,0,0
3871,,,,,,0,0
3872,,,,,,0,0
3873,,,,,,0,0
3874,,,,,,0,0
3875,,,,,,0,0
3876,,,,,,0,0
3877,,,,,,0,0
3878,,,,,,0,0
3879,,,,,,0,0
3880,,,,,,0,0
3881,,,,,,0,0
3882,,,,,,0,0
3883,,,,,,0,0
3884,,,,,,0,0
3885,,,,,,0,0
3886,,,,,,0,0
3887,,,,,,0,0
3888,,,,,,0,0
3889,,,,,,0,0
3890,,,,,,0,0
3891,,,,,,0,0
3892,,,,,,0,0
3893,,,,,,0,0
3894,,,,,,0,0
3895,,,,,,0,0
3896,,,,,,0,0
3897,,,,,,0,0
3898,,,,,,0,0
3899,,,,,,0,0
3900,,,,,,0,0
3901,,,,,,0,0
3902,,,,,,0,0
3903,,,,,,0,0
3904,,,,,,0,0
3905,,,,,,0,0
3906,,,,,,0,0
3907,,,,,,0,0
3908,,,,,,0,0
3909,,,,,,0,0
3910,,,,,,0,0
3911,,,,,,0,0
3912,,,,,,0,0
3913,,,,,,0,0
3914,,,,,,0,0
3915,,,,,,0,0
3916,,,,,,0,0
3917,,,,,,0,0
3918,,,,,,0,0
3919,,,,,,0,0
3920,,,,,,0,0
3921,,,,,,0,0
3922,,,,,,0,0
3923,,,,,,0,0
3924,,,,,,0,0
3925,,,,,,0,0
3926,,,,,,0,0
3927,,,,,,0,0
3928,,,,,,0,0
3929,,,,,,0,0
3930,,,,,,0,0
3931,,,,,,0,0
3932,,,,,,0,0
3933,,,,,,0,0
3934,,,,,,0,0
3935,,,,,,0,0
3936,,,,,,0,0
3937,,,,,,0,0
3938,,,,,,0,0
3939,,,,,,0,0
3940,,,,,,0,0
3941,,,,,,0,0
3942,,,,,,0,0
3943,,,,,,0,0
3944,,,,,,0,0
3945,,,,,,0,0
3946,,,,,,0,0
3947,,,,,,0,0
3948,,,,,,0,0
3949,,,,,,0,0
3950,,,,,,0,0
3951,,,,,,0,0
3952,,,,,,0,0
3953,,,,,,0,0
3954,,,,,,0,0
3955,,,,,,0,0
3956,,,,,,0,0
3957,,,,,,0,0
3958,,,,,,0,0
3959,,,,,,0,0
3960,,,,,,0,0
3961,,,,,,0,0
3962,,,,,,0,0
3963,,,,,,0,0
3964,,,,,,0,0
3965,,,,,,0,0
3966,,,,,,0,0
3967,,,,,,0,0
3968,,,,,,0,0
3969,,,,,,0,0
3970,,,,,,0,0
3971,,,,,,0,0
3972,,,,,,0,0
3973,,,,,,0,0
3974,,,,,,0,0
3975,,,,,,0,0
3976,,,,,,0,0
3977,,,,,,0,0
3978,,,,,,0,0
3979,,,,,,0,0
3980,,,,,,0,0
3981,,,,,,0,0
3982,,,,,,0,0
3983,,,,,,0,0
3984,,,,,,0,0
3985,,,,,,0,0
3986,,,,,,0,0
3987,,,,,,0,0
3988,,,,,,0,0
3989,,,,,,0,0
3990,,,,,,0,0
3991,,,,,,0,0
3992,,,,,,0,0
3993,,,,,,0,0
3994,,,,,,0,0
3995,,,,,,0,0
3996,,,,,,0,0
3997,,,,,,0,0
3998,,,,,,0,0
3999,,,,,,0,0
4000,,,,,,0,0
4001,,,,,,0,0
4002,,,,,,0,0
4003,,,,,,0,0
4004,,,,,,0,0
4005,,,,,,0,0
4006,,,,,,0,0
4007,,,,,,0,0
4008,,,,,,0,0
4009,,,,,,0,0
4010,,,,,,0,0
4011,,,,,,0,0
4012,,,,,,0,0
4013,,,,,,0,0
4014,,,,,,0,0
4015,,,,,,0,0
4016,,,,,,0,0
4017,,,,,,0,0
4018,,,,,,0,0
4019,,,,,,0,0
4020,,,,,,0,0
4021,,,,,,0,0
4022,,,,,,0,0
4023,,,,,,0,0
4024,,,,,,0,0
4025,,,,,,0,0
4026,,,,,,0,0
4027,,,,,,0,0
4028,,,,,,0,0
4029,,,,,,0,0
4030,,,,,,0,0
4031,,,,,,0,0
4032,,,,,,0,0
4033,,,,,,0,0
4034,,,,,,0,0
4035,,,,,,0,0
4036,,,,,,0,0
4037,,,,,,0,0
4038,,,,,,0,0
4039,,,,,,0,0
4040,,,,,,0,0
4041,,,,,,0,0
4042,,,,,,0,0
4043,,,,,,0,0
4044,,,,,,0,0
4045,,,,,,0,0
4046,,,,,,0,0
4047,,,,,,0,0
4048,,,,,,0,0
4049,,,,,,0,0
4050,,,,,,0,0
4051,,,,,,0,0
4052,,,,,,0,0
4053,,,,,,0,0
4054,,,,,,0,0
4055,,,,,,0,0
4056,,,,,,0,0
4057,,,,,,0,0
4058,,,,,,0,0
4059,,,,,,0,0
4060,,,,,,0,0
4061,,,,,,0,0
4062,,,,,,0,0
4063,,,,,,0,0
4064,,,,,,0,0
4065,,,,,,0,0
4066,,,,,,0,0
4067,,,,,,0,0
4068,,,,,,0,0
4069,,,,,,0,0
4070,,,,,,0,0
4071,,,,,,0,0
4072,,,,,,0,0
4073,,,,,,0,0
4074,,,,,,0,0
4075,,,,,,0,0
4076,,,,,,0,0
4077,,,,,,0,0
4078,,,,,,0,0
4079,,,,,,0,0
4080,,,,,,0,0
4081,,,,,,0,0
4082,,,,,,0,0
4083,,,,,,0,0
4084,,,,,,0,0
4085,,,,,,0,0
4086,,,,,,0,0
4087,,,,,,0,0
4088,,,,,,0,0
4089,,,,,,0,0
4090,,,,,,0,0
4091,,,,,,0,0
4092,,,,,,0,0
4093,,,,,,0,0
4094,,,,,,0,0
4095,,,,,,0,0
4096,,,,,,0,0
4097,,,,,,0,0
4098,,,,,,0,0
4099,,,,,,0,0
4100,,,,,,0,0
4101,,,,,,0,0
4102,,,,,,0,0
4103,,,,,,0,0
4104,,,,,,0,0
4105,,,,,,0,0
4106,,,,,,0,0
4107,,,,,,0,0
4108,,,,,,0,0
4109,,,,,,0,0
4110,,,,,,0,0
4111,,,,,,0,0
4112,,,,,,0,0
4113,,,,,,0,0
4114,,,,,,0,0
4115,,,,,,0,0
4116,,,,,,0,0
4117,,,,,,0,0
4118,,,,,,0,0
4119,,,,,,0,0
4120,,,,,,0,0
4121,,,,,,0,0
4122,,,,,,0,0
4123,,,,,,0,0
4124,,,,,,0,0
4125,,,,,,0,0
4126,,,,,,0,0
4127,,,,,,0,0
4128,,,,,,0,0
4129,,,,,,0,0
4130,,,,,,0,0
4131,,,,,,0,0
4132,,,,,,0,0
4133,,,,,,0,0
4134,,,,,,0,0
4135,,,,,,0,0
4136,,,,,,0,0
4137,,,,,,0,0
4138,,,,,,0,0
4139,,,,,,0,0
4140,,,,,,0,0
4141,,,,,,0,0
4142,,,,,,0,0
4143,,,,,,0,0
4144,,,,,,0,0
4145,,,,,,0,0
4146,,,,,,0,0
4147,,,,,,0,0
4148,,,,,,0,0
4149,,,,,,0,0
4150,,,,,,0,0
4151,,,,,,0,0
4152,,,,,,0,0
4153,,,,,,0,0
4154,,,,,,0,0
4155,,,,,,0,0
4156,,,,,,0,0
4157,,,,,,0,0
4158,,,,,,0,0
4159,,,,,,0,0
4160,,,,,,0,0
4161,,,,,,0,0
4162,,,,,,0,0
4163,,,,,,0,0
4164,,,,,,0,0
4165,,,,,,0,0
4166,,,,,,0,0
4167,,,,,,0,0
4168,,,,,,0,0
4169,,,,,,0,0
4170,,,,,,0,0
4171,,,,,,0,0
4172,,,,,,0,0
4173,,,,,,0,0
4174,,,,,,0,0
4175,,,,,,0,0
4176,,,,,,0,0
4177,,,,,,0,0
4178,,,,,,0,0
4179,,,,,,0,0
4180,,,,,,0,0
4181,,,,,,0,0
4182,,,,,,0,0
4183,,,,,,0,0
4184,,,,,,0,0
4185,,,,,,0,0
4186,,,,,,0,0
4187,,,,,,0,0
4188,,,,,,0,0
4189,,,,,,0,0
4190,,,,,,0,0
4191,,,,,,0,0
4192,,,,,,0,0
4193,,,,,,0,0
4194,,,,,,0,0
4195,,,,,,0,0
4196,,,,,,0,0
4197,,,,,,0,0
4198,,,,,,0,0
4199,,,,,,0,0
4200,,,,,,0,0
4201,,,,,,0,0
4202,,,,,,0,0
4203,,,,,,0,0
4204,,,,,,0,0
4205,,,,,,0,0
4206,,,,,,0,0
4207,,,,,,0,0
4208,,,,,,0,0
4209,,,,,,0,0
4210,,,,,,0,0
4211,,,,,,0,0
4212,,,,,,0,0
4213,,,,,,0,0
4214,,,,,,0,0
4215,,,,,,0,0
4216,,,,,,0,0
4217,,,,,,0,0
4218,,,,,,0,0
4219,,,,,,0,0
4220,,,,,,0,0
4221,,,,,,0,0
4222,,,,,,0,0
4223,,,,,,0,0
4224,,,,,,0,0
4225,,,,,,0,0
4226,,,,,,0,0
4227,,,,,,0,0
4228,,,,,,0,0
4229,,,,,,0,0
4230,,,,,,0,0
4231,,,,,,0,0
4232,,,,,,0,0
4233,,,,,,0,0
4234,,,,,,0,0
4235,,,,,,0,0
4236,,,,,,0,0
4237,,,,,,0,0
4238,,,,,,0,0
4239,,,,,,0,0
4240,,,,,,0,0
4241,,,,,,0,0
4242,,,,,,0,0
4243,,,,,,0,0
4244,,,,,,0,0
4245,,,,,,0,0
4246,,,,,,0,0
4247,,,,,,0,0
4248,,,,,,0,0
4249,,,,,,0,0
4250,,,,,,0,0
4251,,,,,,0,0
4252,,,,,,0,0
4253,,,,,,0,0
4254,,,,,,0,0
4255,,,,,,0,0
4256,,,,,,0,0
4257,,,,,,0,0
4258,,,,,,0,0
4259,,,,,,0,0
4260,,,,,,0,0
4261,,,,,,0,0
4262,,,,,,0,0
4263,,,,,,0,0
4264,,,,,,0,0
4265,,,,,,0,0
4266,,,,,,0,0
4267,,,,,,0,0
4268,,,,,,0,0
4269,,,,,,0,0
4270,,,,,,0,0
4271,,,,,,0,0
4272,,,,,,0,0
4273,,,,,,0,0
4274,,,,,,0,0
4275,,,,,,0,0
4276,,,,,,0,0
4277,,,,,,0,0
4278,,,,,,0,0
4279,,,,,,0,0
4280,,,,,,0,0
4281,,,,,,0,0
4282,,,,,,0,0
4283,,,,,,0,0
4284,,,,,,0,0
4285,,,,,,0,0
4286,,,,,,0,0
4287,,,,,,0,0
4288,,,,,,0,0
4289,,,,,,0,0
4290,,,,,,0,0
4291,,,,,,0,0
4292,,,,,,0,0
4293,,,,,,0,0
4294,,,,,,0,0
4295,,,,,,0,0
4296,,,,,,0,0
4297,,,,,,0,0
4298,,,,,,0,0
4299,,,,,,0,0
4300,,,,,,0,0
4301,,,,,,0,0
4302,,,,,,0,0
4303,,,,,,0,0
4304,,,,,,0,0
4305,,,,,,0,0
4306,,,,,,0,0
4307,,,,,,0,0
4308,,,,,,0,0
4309,,,,,,0,0
4310,,,,,,0,0
4311,,,,,,0,0
4312,,,,,,0,0
4313,,,,,,0,0
4314,,,,,,0,0
4315,,,,,,0,0
4316,,,,,,0,0
4317,,,,,,0,0
4318,,,,,,0,0
4319,,,,,,0,0
4320,,,,,,0,0
4321,,,,,,0,0
4322,,,,,,0,0
4323,,,,,,0,0
4324,,,,,,0,0
4325,,,,,,0,0
4326,,,,,,0,0
4327,,,,,,0,0
4328,,,,,,0,0
4329,,,,,,0,0
4330,,,,,,0,0
4331,,,,,,0,0
4332,,,,,,0,0
4333,,,,,,0,0
4334,,,,,,0,0
4335,,,,,,0,0
4336,,,,,,0,0
4337,,,,,,0,0
4338,,,,,,0,0
4339,,,,,,0,0
4340,,,,,,0,0
4341,,,,,,0,0
4342,,,,,,0,0
4343,,,,,,0,0
4344,,,,,,0,0
4345,,,,,,0,0
4346,,,,,,0,0
4347,,,,,,0,0
4348,,,,,,0,0
4349,,,,,,0,0
4350,,,,,,0,0
4351,,,,,,0,0
4352,,,,,,0,0
4353,,,,,,0,0
4354,,,,,,0,0
4355,,,,,,0,0
4356,,,,,,0,0
4357,,,,,,0,0
4358,,,,,,0,0
4359,,,,,,0,0
4360,,,,,,0,0
4361,,,,,,0,0
4362,,,,,,0,0
4363,,,,,,0,0
4364,,,,,,0,0
4365,,,,,,0,0
4366,,,,,,0,0
4367,,,,,,0,0
4368,,,,,,0,0
4369,,,,,,0,0
4370,,,,,,0,0
4371,,,,,,0,0
4372,,,,,,0,0
4373,,,,,,0,0
4374,,,,,,0,0
4375,,,,,,0,0
4376,,,,,,0,0
4377,,,,,,0,0
4378,,,,,,0,0
4379,,,,,,0,0
4380,,,,,,0,0
4381,,,,,,0,0
4382,,,,,,0,0
4383,,,,,,0,0
4384,,,,,,0,0
4385,,,,,,0,0
4386,,,,,,0,0
4387,,,,,,0,0
4388,,,,,,0,0
4389,,,,,,0,0
4390,,,,,,0,0
4391,,,,,,0,0
4392,,,,,,0,0
4393,,,,,,0,0
4394,,,,,,0,0
4395,,,,,,0,0
4396,,,,,,0,0
4397,,,,,,0,0
4398,,,,,,0,0
4399,,,,,,0,0
4400,,,,,,0,0
4401,,,,,,0,0
4402,,,,,,0,0
4403,,,,,,0,0
4404,,,,,,0,0
4405,,,,,,0,0
4406,,,,,,0,0
4407,,,,,,0,0
4408,,,,,,0,0
4409,,,,,,0,0
4410,,,,,,0,0
4411,,,,,,0,0
4412,,,,,,0,0
4413,,,,,,0,0
4414,,,,,,0,0
4415,,,,,,0,0
4416,,,,,,0,0
4417,,,,,,0,0
4418,,,,,,0,0
4419,,,,,,0,0
4420,,,,,,0,0
4421,,,,,,0,0
4422,,,,,,0,0
4423,,,,,,0,0
4424,,,,,,0,0
4425,,,,,,0,0
4426,,,,,,0,0
4427,,,,,,0,0
4428,,,,,,0,0
4429,,,,,,0,0
4430,,,,,,0,0
4431,,,,,,0,0
4432,,,,,,0,0
4433,,,,,,0,0
4434,,,,,,0,0
4435,,,,,,0,0
4436,,,,,,0,0
4437,,,,,,0,0
4438,,,,,,0,0
4439,,,,,,0,0
4440,,,,,,0,0
4441,,,,,,0,0
4442,,,,,,0,0
4443,,,,,,0,0
4444,,,,,,0,0
4445,,,,,,0,0
4446,,,,,,0,0
4447,,,,,,0,0
4448,,,,,,0,0
4449,,,,,,0,0
4450,,,,,,0,0
4451,,,,,,0,0
4452,,,,,,0,0
4453,,,,,,0,0
4454,,,,,,0,0
4455,,,,,,0,0
4456,,,,,,0,0
4457,,,,,,0,0
4458,,,,,,0,0
4459,,,,,,0,0
4460,,,,,,0,0
4461,,,,,,0,0
4462,,,,,,0,0
4463,,,,,,0,0
4464,,,,,,0,0
4465,,,,,,0,0
4466,,,,,,0,0
4467,,,,,,0,0
4468,,,,,,0,0
4469,,,,,,0,0
4470,,,,,,0,0
4471,,,,,,0,0
4472,,,,,,0,0
4473,,,,,,0,0
4474,,,,,,0,0
4475,,,,,,0,0
4476,,,,,,0,0
4477,,,,,,0,0
4478,,,,,,0,0
4479,,,,,,0,0
4480,,,,,,0,0
4481,,,,,,0,0
4482,,,,,,0,0
4483,,,,,,0,0
4484,,,,,,0,0
4485,,,,,,0,0
4486,,,,,,0,0
4487,,,,,,0,0
4488,,,,,,0,0
4489,,,,,,0,0
4490,,,,,,0,0
4491,,,,,,0,0
4492,,,,,,0,0
4493,,,,,,0,0
4494,,,,,,0,0
4495,,,,,,0,0
4496,,,,,,0,0
4497,,,,,,0,0
4498,,,,,,0,0
4499,,,,,,0,0
4500,,,,,,0,0
4501,,,,,,0,0
4502,,,,,,0,0
4503,,,,,,0,0
4504,,,,,,0,0
4505,,,,,,0,0
4506,,,,,,0,0
4507,,,,,,0,0
4508,,,,,,0,0
4509,,,,,,0,0
4510,,,,,,0,0
4511,,,,,,0,0
4512,,,,,,0,0
4513,,,,,,0,0
4514,,,,,,0,0
4515,,,,,,0,0
4516,,,,,,0,0
4517,,,,,,0,0
4518,,,,,,0,0
4519,,,,,,0,0
4520,,,,,,0,0
4521,,,,,,0,0
4522,,,,,,0,0
4523,,,,,,0,0
4524,,,,,,0,0
4525,,,,,,0,0
4526,,,,,,0,0
4527,,,,,,0,0
4528,,,,,,0,0
4529,,,,,,0,0
4530,,,,,,0,0
4531,,,,,,0,0
4532,,,,,,0,0
4533,,,,,,0,0
4534,,,,,,0,0
4535,,,,,,0,0
4536,,,,,,0,0
4537,,,,,,0,0
4538,,,,,,0,0
4539,,,,,,0,0
4540,,,,,,0,0
4541,,,,,,0,0
4542,,,,,,0,0
4543,,,,,,0,0
4544,,,,,,0,0
4545,,,,,,0,0
4546,,,,,,0,0
4547,,,,,,0,0
4548,,,,,,0,0
4549,,,,,,0,0
4550,,,,,,0,0
4551,,,,,,0,0
4552,,,,,,0,0
4553,,,,,,0,0
4554,,,,,,0,0
4555,,,,,,0,0
4556,,,,,,0,0
4557,,,,,,0,0
4558,,,,,,0,0
4559,,,,,,0,0
4560,,,,,,0,0
4561,,,,,,0,0
4562,,,,,,0,0
4563,,,,,,0,0
4564,,,,,,0,0
4565,,,,,,0,0
4566,,,,,,0,0
4567,,,,,,0,0
4568,,,,,,0,0
4569,,,,,,0,0
4570,,,,,,0,0
4571,,,,,,0,0
0,2018,Russia,5,0,Saudi Arabia,3,0
1,2018,Egypt,0,1,Uruguay,0,3
2,2018,Morocco,0,1,IR Iran,0,3
3,2018,Portugal,3,3,Spain,1,1
4,2018,France,2,1,Australia,3,0
5,2018,Argentina,1,1,Iceland,1,1
6,2018,Peru,0,1,Denmark,0,3
7,2018,Croatia,2,0,Nigeria,3,0
8,2018,Costa Rica,0,1,Serbia,0,3
9,2018,Germany,0,1,Mexico,0,3
10,2018,Brazil,1,1,Switzerland,1,1
11,2018,Sweden,1,0,Korea Republic,3,0
12,2018,Belgium,3,0,Panama,3,0
13,2018,Tunisia,1,2,England,0,3
14,2018,Colombia,1,2,Japan,0,3
15,2018,Poland,1,2,Senegal,0,3
16,2018,Russia,3,1,Egypt,3,0
17,2018,Portugal,1,0,Morocco,3,0
18,2018,Uruguay,1,0,Saudi Arabia,3,0
19,2018,IR Iran,0,1,Spain,0,3
20,2018,Denmark,1,1,Australia,1,1
21,2018,France,1,0,Peru,3,0
22,2018,Argentina,0,3,Croatia,0,3
23,2018,Brazil,2,0,Costa Rica,3,0
24,2018,Nigeria,2,0,Iceland,3,0
25,2018,Serbia,1,2,Switzerland,0,3
26,2018,Belgium,5,2,Tunisia,3,0
27,2018,Korea Republic,1,2,Mexico,0,3
28,2018,Germany,2,1,Sweden,3,0
29,2018,England,6,1,Panama,3,0
30,2018,Japan,2,2,Senegal,1,1
31,2018,Poland,0,3,Colombia,0,3
32,2018,Saudi Arabia,2,1,Egypt,3,0
33,2018,Uruguay,3,0,Russia,3,0
34,2018,IR Iran,1,1,Portugal,1,1
35,2018,Spain,2,2,Morocco,1,1
36,2018,Australia,0,2,Peru,0,3
37,2018,Denmark,0,0,France,1,1
38,2018,Iceland,1,2,Croatia,0,3
39,2018,Nigeria,1,2,Argentina,0,3
40,2018,Mexico,0,3,Sweden,0,3
41,2018,Korea Republic,2,0,Germany,3,0
42,2018,Serbia,0,2,Brazil,0,3
43,2018,Switzerland,2,2,Costa Rica,1,1
44,2018,Japan,0,1,Poland,0,3
45,2018,Senegal,0,1,Colombia,0,3
46,2018,England,0,1,Belgium,0,3
47,2018,Panama,1,2,Tunisia,0,3
48,2018,France,4,3,Argentina,3,0
49,2018,Uruguay,2,1,Portugal,3,0
50,2018,Spain,1,1,Russia,1,1
51,2018,Croatia,1,1,Denmark,1,1
52,2018,Brazil,2,0,Mexico,3,0
53,2018,Belgium,3,2,Japan,3,0
54,2018,Sweden,1,0,Switzerland,3,0
55,2018,Colombia,1,1,England,1,1
56,2018,Uruguay,0,2,France,0,3
57,2018,Brazil,1,2,Belgium,0,3
58,2018,Sweden,0,2,England,0,3
59,2018,Russia,2,2,Croatia,1,1
60,2018,France,1,0,Belgium,3,0
61,2018,Croatia,2,1,England,3,0
62,2018,Belgium,2,0,England,3,0
63,2018,France,4,2,Croatia,3,0